note_id,patient_id,label,category,note_text,pred_keyword,evidence_keyword,pred_rules,evidence_rules,pred_ml,evidence_ml,pred_llm,evidence_llm,reason_llm,evidence_in_note_llm
N0001,P0001,0,past_use,"HIV CLINIC FOLLOW-UP NOTE
Date: 2026-03-08
SUBJECTIVE: 22-year-old female with HIV on Symtuza here for routine follow-up. Reports taking ART every day without missed doses. Reports low mood lately.
SOCIAL HISTORY: Denies tobacco. Hx EtOH use disorder, sustained remission, attends AA weekly. Denies IVDU.
OBJECTIVE: BP 115/77. Viral load undetectable (<50 copies/mL). CD4 851 cells/mm3.
ASSESSMENT/PLAN: Refill ART. Discussed PrEP for partner. RTC 6 months.",1,"Hx EtOH use disorder, sustained remission, attends AA weekly.",0,,0,"top words: weekly, weekly denies, bp 115, 115",1,"Hx EtOH use disorder, sustained remission, attends AA weekly.","Patient has a history of EtOH use disorder and is in sustained remission, indicating current unhealthy alcohol use.",True
N0002,P0002,0,light_drinking,"HIV CLINIC FOLLOW-UP NOTE
Date: 2026-03-24
SUBJECTIVE: 44-year-old male with HIV on Triumeq here for routine follow-up. Reports taking ART every day without missed doses. Reports low mood lately.
SOCIAL HISTORY: Vapes daily. Social drinker, 1 glass of wine on weekends.
OBJECTIVE: BP 122/73. Viral load undetectable (<50 copies/mL). CD4 496 cells/mm3.
ASSESSMENT/PLAN: Refill ART. Discussed PrEP for partner. RTC 6 months.",1,"Social drinker, 1 glass of wine on weekends.",0,,0,"top words: weekends, on weekends, daily, 44",0,"Social drinker, 1 glass of wine on weekends.","Patient drinks lightly and occasionally, only on weekends.",True
N0003,P0003,0,no_mention,"HIV CLINIC FOLLOW-UP NOTE
Date: 2026-08-22
SUBJECTIVE: 24-year-old male with HIV on Cabenuva (injectable) here for routine follow-up. Reports taking ART every day without missed doses. Reports mild fatigue.
SOCIAL HISTORY: Vapes daily.
OBJECTIVE: BP 112/84. Viral load undetectable (<50 copies/mL). CD4 988 cells/mm3.
ASSESSMENT/PLAN: Adherence counseling provided. RTC 3 months.",0,,0,,0,"top words: daily, daily objective, bp 112, 112",0,,Alcohol is not mentioned in the note.,False
N0004,P0004,0,light_drinking,"HIV CLINIC FOLLOW-UP NOTE
Date: 2026-05-22
SUBJECTIVE: 30-year-old male with HIV on Cabenuva (injectable) here for routine follow-up. Reports taking ART every day without missed doses. Some trouble sleeping.
SOCIAL HISTORY: Smokes 1 ppd. Drinks 1 beer a few times per month. Denies IVDU.
OBJECTIVE: BP 115/87. Viral load undetectable (<50 copies/mL). CD4 1174 cells/mm3.
ASSESSMENT/PLAN: Repeat viral load in 4 weeks.",1,Drinks 1 beer a few times per month.,0,,0,"top words: drinks, per, beer, subjective 30",0,Drinks 1 beer a few times per month.,Patient drinks lightly and occasionally.,True
N0005,P0005,0,negated,"HIV CLINIC FOLLOW-UP NOTE
Date: 2026-03-07
SUBJECTIVE: 45-year-old female with HIV on Biktarvy here for routine follow-up. Reports missing 2 doses of ART last month. Reports low mood lately.
SOCIAL HISTORY: Denies tobacco. ETOH: denies. Occasional marijuana use.
OBJECTIVE: BP 135/96. Viral load undetectable (<50 copies/mL). CD4 885 cells/mm3.
ASSESSMENT/PLAN: Continue current ART. Labs in 3 months.",1,ETOH: denies.,0,,0,"top words: 07 subjective, of, reports, last",0,ETOH: denies.,Patient denies alcohol use.,True
N0006,P0006,0,no_mention,"HIV CLINIC FOLLOW-UP NOTE
Date: 2026-05-27
SUBJECTIVE: 34-year-old male with HIV on Genvoya here for routine follow-up. Reports missing 1 doses of ART last month. Feels well overall.
SOCIAL HISTORY: Smokes 1/2 ppd.
OBJECTIVE: BP 123/96. Viral load undetectable (<50 copies/mL). CD4 544 cells/mm3.
ASSESSMENT/PLAN: Continue current ART. Labs in 3 months.",0,,0,,0,"top words: bp 123, 123, 27, of",0,,Patient denies alcohol use and only smokes 1/2 ppd.,False
N0007,P0007,0,light_drinking,"HIV CLINIC FOLLOW-UP NOTE
Date: 2026-06-22
SUBJECTIVE: 61-year-old male with HIV on Genvoya here for routine follow-up. Reports taking ART every day without missed doses. Feels well overall.
SOCIAL HISTORY: Smokes 1/2 ppd. Social drinker, 1 glass of wine on weekends.
OBJECTIVE: BP 148/79. Viral load undetectable (<50 copies/mL). CD4 1121 cells/mm3.
ASSESSMENT/PLAN: Continue current ART. Labs in 3 months.",1,"Social drinker, 1 glass of wine on weekends.",0,,0,"top words: weekends, on weekends, 06 22, every",0,"Social drinker, 1 glass of wine on weekends.","Patient drinks lightly and occasionally, only on weekends.",True
N0008,P0008,1,binge_drinking,"HIV CLINIC FOLLOW-UP NOTE
Date: 2026-08-06
SUBJECTIVE: 25-year-old female with HIV on Cabenuva (injectable) here for routine follow-up. Reports missing 2 doses of ART last month. Reports low mood lately.
SOCIAL HISTORY: Smokes 1/2 ppd. Endorses heavy episodic drinking, 11+ drinks on Fri and Sat nights.
OBJECTIVE: BP 151/91. Viral load undetectable (<50 copies/mL). CD4 935 cells/mm3.
ASSESSMENT/PLAN: Continue current ART. Labs in 3 months.",1,"Endorses heavy episodic drinking, 11+ drinks on Fri and Sat nights.",0,,1,"top words: drinks, and, drinking, 11 drinks",1,"Endorses heavy episodic drinking, 11+ drinks on Fri and Sat nights.","Patient reports heavy drinking on specific nights, indicating current unhealthy alcohol use.",True
N0009,P0009,0,negated,"HIV CLINIC FOLLOW-UP NOTE
Date: 2026-08-06
SUBJECTIVE: 43-year-old female with HIV on Biktarvy here for routine follow-up. Reports missing 1 doses of ART last month. Reports mild fatigue.
SOCIAL HISTORY: Smokes 1 ppd. Pt denies any EtOH, tobacco, or drug use. Occasional marijuana use.
OBJECTIVE: BP 116/91. Viral load undetectable (<50 copies/mL). CD4 1042 cells/mm3.
ASSESSMENT/PLAN: Continue current ART. Labs in 3 months.",1,"Pt denies any EtOH, tobacco, or drug use.",0,,0,"top words: pt, ppd pt, drug use, drug",0,"Pt denies any EtOH, tobacco, or drug use.",Patient denies alcohol use.,True
N0010,P0010,1,heavy_drinking,"HIV CLINIC FOLLOW-UP NOTE
Date: 2026-03-03
SUBJECTIVE: 41-year-old female with HIV on Cabenuva (injectable) here for routine follow-up. Reports missing 1 doses of ART last month. Reports low mood lately.
SOCIAL HISTORY: Vapes daily. Says she has been drinking a bottle of wine a night since a recent divorce.
OBJECTIVE: BP 151/70. Viral load undetectable (<50 copies/mL). CD4 677 cells/mm3.
ASSESSMENT/PLAN: Continue current ART. Labs in 3 months.",1,Says she has been drinking a bottle of wine a night since a recent divorce.,0,,1,"top words: night, says, she, drinking",1,Says she has been drinking a bottle of wine a night since a recent divorce.,Patient reports drinking heavily (a bottle of wine per night) since a recent divorce.,True
N0011,P0011,1,positive_screen,"HIV CLINIC FOLLOW-UP NOTE
Date: 2026-08-25
SUBJECTIVE: 57-year-old male with HIV on Triumeq here for routine follow-up. Reports missing 4 doses of ART last month. Feels well overall.
SOCIAL HISTORY: Former smoker, quit 2018. Positive AUDIT-C (10/12) at intake.
OBJECTIVE: BP 129/85. Viral load undetectable (<50 copies/mL). CD4 914 cells/mm3.
ASSESSMENT/PLAN: Continue ART. Refer to behavioral health for support.",1,Positive AUDIT-C (10/12) at intake.,1,Positive AUDIT-C (10/12) at intake.,1,"top words: positive, audit, positive audit, at",1,Positive AUDIT-C (10/12) at intake.,Patient has a positive AUDIT-C score indicating current unhealthy alcohol use.,True
N0012,P0012,0,negated,"HIV CLINIC FOLLOW-UP NOTE
Date: 2026-09-06
SUBJECTIVE: 32-year-old male with HIV on Cabenuva (injectable) here for routine follow-up. Reports taking ART every day without missed doses. Occasional headaches.
SOCIAL HISTORY: Smokes 1 ppd. Alcohol: none. Occasional marijuana use.
OBJECTIVE: BP 119/92. Viral load undetectable (<50 copies/mL). CD4 1126 cells/mm3.
ASSESSMENT/PLAN: Continue current ART. Labs in 3 months.",1,Alcohol: none.,0,,0,"top words: ppd alcohol, 32, 09, 2026 09",0,Alcohol: none.,Patient denies alcohol use.,True
N0013,P0013,0,negated,"HIV CLINIC FOLLOW-UP NOTE
Date: 2026-04-26
SUBJECTIVE: 26-year-old male with HIV on Biktarvy here for routine follow-up. Reports taking ART every day without missed doses. Some trouble sleeping.
SOCIAL HISTORY: Former smoker, quit 2018. ETOH: denies. Occasional marijuana use.
OBJECTIVE: BP 143/73. Viral load undetectable (<50 copies/mL). CD4 478 cells/mm3.
ASSESSMENT/PLAN: Adherence counseling provided. RTC 3 months.",1,ETOH: denies.,0,,0,"top words: 26, 26 subjective, every, 73 viral",0,ETOH: denies.,Patient denies alcohol use.,True
N0014,P0014,1,indirect_signs,"HIV CLINIC FOLLOW-UP NOTE
Date: 2026-07-13
SUBJECTIVE: 33-year-old male with HIV on Dovato here for routine follow-up. Reports missing 2 doses of ART last month. Reports low mood lately.
SOCIAL HISTORY: Vapes daily. Pt appeared intoxicated at today's appointment and smelled of EtOH. Denies IVDU.
OBJECTIVE: BP 112/69. Viral load 24,602 copies/mL. CD4 265 cells/mm3.
ASSESSMENT/PLAN: Adherence counseling provided. RTC 3 months.",1,Pt appeared intoxicated at today's appointment and smelled of EtOH.,1,Pt appeared intoxicated at today's appointment and smelled of EtOH.,1,"top words: pt, at, today, intoxicated",1,Pt appeared intoxicated at today's appointment and smelled of EtOH.,Patient showed signs of intoxication and smelled of alcohol.,True
N0015,P0015,0,no_mention,"HIV CLINIC FOLLOW-UP NOTE
Date: 2026-04-08
SUBJECTIVE: 30-year-old male with HIV on Biktarvy here for routine follow-up. Reports taking ART every day without missed doses. No new complaints.
SOCIAL HISTORY: Former smoker, quit 2018. Occasional marijuana use.
OBJECTIVE: BP 148/91. Viral load undetectable (<50 copies/mL). CD4 1108 cells/mm3.
ASSESSMENT/PLAN: Continue ART. Refer to behavioral health for support.",0,,0,,0,"top words: subjective 30, 30 year, to, cd4 1108",0,,No mention of alcohol use or drinking habits.,False
N0016,P0016,0,no_mention,"HIV CLINIC FOLLOW-UP NOTE
Date: 2026-08-30
SUBJECTIVE: 54-year-old female with HIV on Genvoya here for routine follow-up. Reports missing 3 doses of ART last month. Reports low mood lately.
SOCIAL HISTORY: Former smoker, quit 2018.
OBJECTIVE: BP 138/88. Viral load undetectable (<50 copies/mL). CD4 629 cells/mm3.
ASSESSMENT/PLAN: Refill ART. Discussed PrEP for partner. RTC 6 months.",0,,0,,0,"top words: 138, bp 138, of, reports",0,,Alcohol is not mentioned in the note.,False
N0017,P0017,0,negated,"HIV CLINIC FOLLOW-UP NOTE
Date: 2026-06-04
SUBJECTIVE: 59-year-old male with HIV on Dovato here for routine follow-up. Reports missing 2 doses of ART last month. No new complaints.
SOCIAL HISTORY: Former smoker, quit 2018. ETOH: denies.
OBJECTIVE: BP 116/90. Viral load undetectable (<50 copies/mL). CD4 460 cells/mm3.
ASSESSMENT/PLAN: Continue current ART. Labs in 3 months.",1,ETOH: denies.,0,,0,"top words: 2026 06, month no, of, last",0,ETOH: denies.,Patient denies alcohol use.,True
N0018,P0018,1,tricky_positive,"HIV CLINIC FOLLOW-UP NOTE
Date: 2026-06-06
SUBJECTIVE: 55-year-old male with HIV on Symtuza here for routine follow-up. Reports missing 1 doses of ART last month. Occasional headaches.
SOCIAL HISTORY: Smokes 1/2 ppd. Denies IVDU but reports drinking 4 tall cans of beer every day. Occasional marijuana use.
OBJECTIVE: BP 122/74. Viral load undetectable (<50 copies/mL). CD4 579 cells/mm3.
ASSESSMENT/PLAN: Continue current ART. Labs in 3 months.",1,Denies IVDU but reports drinking 4 tall cans of beer every day.,1,Denies IVDU but reports drinking 4 tall cans of beer every day.,1,"top words: reports drinking, but, of beer, cans of",1,Reports drinking 4 tall cans of beer every day.,Patient reports heavy drinking daily.,True
N0019,P0019,0,negated,"HIV CLINIC FOLLOW-UP NOTE
Date: 2026-05-17
SUBJECTIVE: 27-year-old male with HIV on Triumeq here for routine follow-up. Reports missing 1 doses of ART last month. Reports mild fatigue.
SOCIAL HISTORY: Denies tobacco. ETOH: denies.
OBJECTIVE: BP 146/70. Viral load undetectable (<50 copies/mL). CD4 556 cells/mm3.
ASSESSMENT/PLAN: Repeat viral load in 4 weeks.",1,ETOH: denies.,0,,0,"top words: 17, 27, 17 subjective, of",0,ETOH: denies.,Patient denies alcohol use.,True
N0020,P0020,0,no_mention,"HIV CLINIC FOLLOW-UP NOTE
Date: 2026-04-29
SUBJECTIVE: 22-year-old male with HIV on Symtuza here for routine follow-up. Reports taking ART every day without missed doses. Feels well overall.
SOCIAL HISTORY: Vapes daily.
OBJECTIVE: BP 137/89. Viral load undetectable (<50 copies/mL). CD4 785 cells/mm3.
ASSESSMENT/PLAN: Refill ART. Discussed PrEP for partner. RTC 6 months.",0,,0,,0,"top words: daily, daily objective, bp 137, 137",0,,Alcohol is not mentioned in the note.,False
N0021,P0021,1,tricky_positive,"HIV CLINIC FOLLOW-UP NOTE
Date: 2026-09-05
SUBJECTIVE: 27-year-old male with HIV on Genvoya here for routine follow-up. Reports taking ART every day without missed doses. Reports low mood lately.
SOCIAL HISTORY: Smokes 1/2 ppd. Denies IVDU but reports drinking 10 tall cans of beer every day. Denies IVDU.
OBJECTIVE: BP 130/76. Viral load undetectable (<50 copies/mL). CD4 612 cells/mm3.
ASSESSMENT/PLAN: Adherence counseling provided. RTC 3 months.",1,Denies IVDU but reports drinking 10 tall cans of beer every day.,1,Denies IVDU but reports drinking 10 tall cans of beer every day.,1,"top words: reports drinking, but, of beer, cans of",1,Reports drinking 10 tall cans of beer every day.,Patient reports heavy drinking daily.,True
N0022,P0022,0,negated,"HIV CLINIC FOLLOW-UP NOTE
Date: 2026-03-17
SUBJECTIVE: 65-year-old male with HIV on Genvoya here for routine follow-up. Reports missing 2 doses of ART last month. Reports mild fatigue.
SOCIAL HISTORY: Vapes daily. Never drinks alcohol, per patient. Denies IVDU.
OBJECTIVE: BP 138/69. Viral load undetectable (<50 copies/mL). CD4 700 cells/mm3.
ASSESSMENT/PLAN: Continue ART. Refer to behavioral health for support.",1,"Never drinks alcohol, per patient.",0,,0,"top words: drinks, per, daily, 17",0,"Never drinks alcohol, per patient.",Patient denies drinking alcohol.,True
N0023,P0023,0,past_use,"HIV CLINIC FOLLOW-UP NOTE
Date: 2026-05-12
SUBJECTIVE: 50-year-old female with HIV on Cabenuva (injectable) here for routine follow-up. Reports taking ART every day without missed doses. Some trouble sleeping.
SOCIAL HISTORY: Never smoker. Hx EtOH use disorder, sustained remission, attends AA weekly. Occasional marijuana use.
OBJECTIVE: BP 150/82. Viral load undetectable (<50 copies/mL). CD4 695 cells/mm3.
ASSESSMENT/PLAN: Continue current ART. Labs in 3 months.",1,"Hx EtOH use disorder, sustained remission, attends AA weekly.",0,,0,"top words: weekly, 12, 82 viral, 82",1,"Hx EtOH use disorder, sustained remission, attends AA weekly.","Patient has a history of EtOH use disorder and attends AA weekly, indicating current unhealthy alcohol use.",True
N0024,P0024,0,negated,"HIV CLINIC FOLLOW-UP NOTE
Date: 2026-04-22
SUBJECTIVE: 45-year-old female with HIV on Symtuza here for routine follow-up. Reports missing 3 doses of ART last month. Some trouble sleeping.
SOCIAL HISTORY: Never smoker. ETOH: denies. Occasional marijuana use.
OBJECTIVE: BP 135/92. Viral load undetectable (<50 copies/mL). CD4 1186 cells/mm3.
ASSESSMENT/PLAN: Refill ART. Discussed PrEP for partner. RTC 6 months.",1,ETOH: denies.,0,,0,"top words: of, last, 92 viral, 92",0,ETOH: denies.,Patient denies alcohol use.,True
N0025,P0025,1,binge_drinking,"HIV CLINIC FOLLOW-UP NOTE
Date: 2026-05-03
SUBJECTIVE: 58-year-old male with HIV on Cabenuva (injectable) here for routine follow-up. Reports taking ART every day without missed doses. Feels well overall.
SOCIAL HISTORY: Vapes daily. Pt reports getting drunk most weekends, typically 12 or more drinks.
OBJECTIVE: BP 139/80. Viral load undetectable (<50 copies/mL). CD4 1126 cells/mm3.
ASSESSMENT/PLAN: Refill ART. Discussed PrEP for partner. RTC 6 months.",1,"Pt reports getting drunk most weekends, typically 12 or more drinks.",1,"Pt reports getting drunk most weekends, typically 12 or more drinks.",1,"top words: drinks, pt, most, weekends",1,"Pt reports getting drunk most weekends, typically 12 or more drinks.",Patient reports binge drinking (12+ drinks) most weekends.,True
N0026,P0026,0,past_use,"HIV CLINIC FOLLOW-UP NOTE
Date: 2026-07-24
SUBJECTIVE: 69-year-old male with HIV on Biktarvy here for routine follow-up. Reports missing 2 doses of ART last month. Reports low mood lately.
SOCIAL HISTORY: Smokes 1/2 ppd. Hx EtOH use disorder, sustained remission, attends AA weekly. Denies IVDU.
OBJECTIVE: BP 110/73. Viral load undetectable (<50 copies/mL). CD4 1015 cells/mm3.
ASSESSMENT/PLAN: Adherence counseling provided. RTC 3 months.",1,"Hx EtOH use disorder, sustained remission, attends AA weekly.",0,,0,"top words: weekly, weekly denies, 69, subjective 69",1,"Hx EtOH use disorder, sustained remission, attends AA weekly.","Patient has a history of EtOH use disorder and attends AA weekly, indicating ongoing alcohol use.",True
N0027,P0027,1,positive_screen,"HIV CLINIC FOLLOW-UP NOTE
Date: 2026-09-16
SUBJECTIVE: 62-year-old female with HIV on Genvoya here for routine follow-up. Reports taking ART every day without missed doses. Occasional headaches.
SOCIAL HISTORY: Former smoker, quit 2018. Positive AUDIT-C (6/12) at intake. Denies IVDU.
OBJECTIVE: BP 118/74. Viral load undetectable (<50 copies/mL). CD4 1084 cells/mm3.
ASSESSMENT/PLAN: Adherence counseling provided. RTC 3 months.",1,Positive AUDIT-C (6/12) at intake.,1,Positive AUDIT-C (6/12) at intake.,0,"top words: positive, audit, positive audit, at",1,Positive AUDIT-C (6/12) at intake.,"Patient has a positive AUDIT-C score, indicating current unhealthy alcohol use.",True
N0028,P0028,0,negated,"HIV CLINIC FOLLOW-UP NOTE
Date: 2026-08-19
SUBJECTIVE: 51-year-old male with HIV on Biktarvy here for routine follow-up. Reports missing 1 doses of ART last month. Occasional headaches.
SOCIAL HISTORY: Denies tobacco. ETOH: denies. Denies IVDU.
OBJECTIVE: BP 137/68. Viral load 9,144 copies/mL. CD4 424 cells/mm3.
ASSESSMENT/PLAN: Continue current ART. Labs in 3 months.",1,ETOH: denies.,0,,0,"top words: bp 137, 137, 144, of",0,ETOH: denies.,Patient denies alcohol use.,True
N0029,P0029,0,negated,"HIV CLINIC FOLLOW-UP NOTE
Date: 2026-03-20
SUBJECTIVE: 37-year-old female with HIV on Biktarvy here for routine follow-up. Reports missing 1 doses of ART last month. Reports low mood lately.
SOCIAL HISTORY: Denies tobacco. Alcohol: none. Denies illicit drug use.
OBJECTIVE: BP 125/70. Viral load undetectable (<50 copies/mL). CD4 472 cells/mm3.
ASSESSMENT/PLAN: Refill ART. Discussed PrEP for partner. RTC 6 months.",1,Alcohol: none.,0,,0,"top words: tobacco alcohol, 20, illicit drug, illicit",0,Alcohol: none.,Patient denies alcohol use.,True
N0030,P0030,0,negated,"HIV CLINIC FOLLOW-UP NOTE
Date: 2026-03-13
SUBJECTIVE: 35-year-old female with HIV on Symtuza here for routine follow-up. Reports missing 1 doses of ART last month. Reports mild fatigue.
SOCIAL HISTORY: Smokes 1 ppd. ETOH: denies. Occasional marijuana use.
OBJECTIVE: BP 131/95. Viral load undetectable (<50 copies/mL). CD4 304 cells/mm3.
ASSESSMENT/PLAN: Adherence counseling provided. RTC 3 months.",1,ETOH: denies.,0,,0,"top words: 131, 03 13, bp 131, 13 subjective",0,ETOH: denies.,Patient denies alcohol use.,True
N0031,P0031,1,indirect_signs,"HIV CLINIC FOLLOW-UP NOTE
Date: 2026-03-28
SUBJECTIVE: 23-year-old male with HIV on Biktarvy here for routine follow-up. Reports missing 4 doses of ART last month. Feels well overall.
SOCIAL HISTORY: Former smoker, quit 2018. Pt appeared intoxicated at today's appointment and smelled of EtOH.
OBJECTIVE: BP 148/72. Viral load 27,442 copies/mL. CD4 614 cells/mm3.
ASSESSMENT/PLAN: Repeat viral load in 4 weeks.",1,Pt appeared intoxicated at today's appointment and smelled of EtOH.,1,Pt appeared intoxicated at today's appointment and smelled of EtOH.,1,"top words: pt, at, today, intoxicated",1,Pt appeared intoxicated at today's appointment and smelled of EtOH.,Patient showed signs of intoxication and smelled of alcohol.,True
N0032,P0032,1,indirect_signs,"HIV CLINIC FOLLOW-UP NOTE
Date: 2026-04-24
SUBJECTIVE: 56-year-old male with HIV on Biktarvy here for routine follow-up. Reports missing 2 doses of ART last month. No new complaints.
SOCIAL HISTORY: Smokes 1 ppd. Recent ED visit for a fall while drunk, BAL 202 mg/dL. Occasional marijuana use.
OBJECTIVE: BP 150/92. Viral load undetectable (<50 copies/mL). CD4 698 cells/mm3.
ASSESSMENT/PLAN: Continue ART. Refer to behavioral health for support.",1,"Recent ED visit for a fall while drunk, BAL 202 mg/dL.",1,"Recent ED visit for a fall while drunk, BAL 202 mg/dL.",0,"top words: ed, bal, visit, to",1,"Recent ED visit for a fall while drunk, BAL 202 mg/dL.",Patient had a recent ED visit due to intoxication.,True
N0033,P0033,0,past_use,"HIV CLINIC FOLLOW-UP NOTE
Date: 2026-09-14
SUBJECTIVE: 45-year-old male with HIV on Dovato here for routine follow-up. Reports taking ART every day without missed doses. Some trouble sleeping.
SOCIAL HISTORY: Denies tobacco. Former heavy drinker, has not had a drink since 2021. Occasional marijuana use.
OBJECTIVE: BP 119/86. Viral load undetectable (<50 copies/mL). CD4 994 cells/mm3.
ASSESSMENT/PLAN: Continue ART. Refer to behavioral health for support.",1,"Former heavy drinker, has not had a drink since 2021.",0,,0,"top words: had, to, 09, 2026 09",0,"Former heavy drinker, has not had a drink since 2021.","Patient has not had a drink since 2021, indicating they have been sober for 5 years.",True
N0034,P0034,0,no_mention,"HIV CLINIC FOLLOW-UP NOTE
Date: 2026-04-30
SUBJECTIVE: 64-year-old male with HIV on Biktarvy here for routine follow-up. Reports taking ART every day without missed doses. Reports mild fatigue.
SOCIAL HISTORY: Denies tobacco. Denies IVDU.
OBJECTIVE: BP 147/68. Viral load 8,330 copies/mL. CD4 406 cells/mm3.
ASSESSMENT/PLAN: Continue current ART. Labs in 3 months.",0,,0,,0,"top words: every, reports",0,,Patient denies alcohol use.,False
N0035,P0035,1,binge_drinking,"HIV CLINIC FOLLOW-UP NOTE
Date: 2026-07-12
SUBJECTIVE: 53-year-old male with HIV on Genvoya here for routine follow-up. Reports taking ART every day without missed doses. No new complaints.
SOCIAL HISTORY: Smokes 1 ppd. Endorses heavy episodic drinking, 8+ drinks on Fri and Sat nights.
OBJECTIVE: BP 122/93. Viral load 42,379 copies/mL. CD4 130 cells/mm3.
ASSESSMENT/PLAN: Continue ART. Refer to behavioral health for support.",1,"Endorses heavy episodic drinking, 8+ drinks on Fri and Sat nights.",0,,0,"top words: drinks, 12, and, drinking",1,"Endorses heavy episodic drinking, 8+ drinks on Fri and Sat nights.","Patient reports heavy drinking on specific nights, indicating current unhealthy alcohol use.",True
N0036,P0036,1,tricky_positive,"HIV CLINIC FOLLOW-UP NOTE
Date: 2026-07-04
SUBJECTIVE: 35-year-old female with HIV on Biktarvy here for routine follow-up. Reports missing 2 doses of ART last month. No new complaints.
SOCIAL HISTORY: Smokes 1/2 ppd. Denies IVDU but reports drinking 7 tall cans of beer every day. Occasional marijuana use.
OBJECTIVE: BP 148/70. Viral load undetectable (<50 copies/mL). CD4 1190 cells/mm3.
ASSESSMENT/PLAN: Adherence counseling provided. RTC 3 months.",1,Denies IVDU but reports drinking 7 tall cans of beer every day.,1,Denies IVDU but reports drinking 7 tall cans of beer every day.,1,"top words: reports drinking, but, of beer, cans of",1,Reports drinking 7 tall cans of beer every day.,Patient reports heavy drinking daily.,True
N0037,P0037,1,binge_drinking,"HIV CLINIC FOLLOW-UP NOTE
Date: 2026-05-17
SUBJECTIVE: 33-year-old female with HIV on Triumeq here for routine follow-up. Reports taking ART every day without missed doses. Occasional headaches.
SOCIAL HISTORY: Former smoker, quit 2018. Pt reports getting drunk most weekends, typically 6 or more drinks.
OBJECTIVE: BP 148/72. Viral load 39,905 copies/mL. CD4 344 cells/mm3.
ASSESSMENT/PLAN: Continue ART. Refer to behavioral health for support.",1,"Pt reports getting drunk most weekends, typically 6 or more drinks.",1,"Pt reports getting drunk most weekends, typically 6 or more drinks.",1,"top words: drinks, pt, most, weekends",1,"Pt reports getting drunk most weekends, typically 6 or more drinks.",Patient reports binge drinking (6+ drinks/weekend) and signs of intoxication.,True
N0038,P0038,0,no_mention,"HIV CLINIC FOLLOW-UP NOTE
Date: 2026-03-22
SUBJECTIVE: 52-year-old male with HIV on Biktarvy here for routine follow-up. Reports missing 3 doses of ART last month. Feels well overall.
SOCIAL HISTORY: Former smoker, quit 2018.
OBJECTIVE: BP 117/83. Viral load 25,196 copies/mL. CD4 527 cells/mm3.
ASSESSMENT/PLAN: Adherence counseling provided. RTC 3 months.",0,,0,,0,"top words: subjective 52, 52 year, 52, 25",0,,Alcohol use is not mentioned in the note.,False
N0039,P0039,1,positive_screen,"HIV CLINIC FOLLOW-UP NOTE
Date: 2026-07-07
SUBJECTIVE: 51-year-old male with HIV on Triumeq here for routine follow-up. Reports taking ART every day without missed doses. Occasional headaches.
SOCIAL HISTORY: Denies tobacco. Positive AUDIT-C (12/12) at intake.
OBJECTIVE: BP 133/95. Viral load undetectable (<50 copies/mL). CD4 313 cells/mm3.
ASSESSMENT/PLAN: Refill ART. Discussed PrEP for partner. RTC 6 months.",1,Positive AUDIT-C (12/12) at intake.,1,Positive AUDIT-C (12/12) at intake.,1,"top words: 12, positive, audit, positive audit",0,,"Patient denies alcohol use and only reports occasional headaches, which is not related to alcohol use.",False
N0040,P0040,0,no_mention,"HIV CLINIC FOLLOW-UP NOTE
Date: 2026-09-09
SUBJECTIVE: 69-year-old male with HIV on Biktarvy here for routine follow-up. Reports taking ART every day without missed doses. Feels well overall.
SOCIAL HISTORY: Denies tobacco.
OBJECTIVE: BP 139/86. Viral load undetectable (<50 copies/mL). CD4 1089 cells/mm3.
ASSESSMENT/PLAN: Continue ART. Refer to behavioral health for support.",0,,0,,0,"top words: 09, 69, subjective 69, 69 year",0,,Patient denies alcohol use.,False
N0041,P0041,0,family_history,"HIV CLINIC FOLLOW-UP NOTE
Date: 2026-05-03
SUBJECTIVE: 63-year-old male with HIV on Biktarvy here for routine follow-up. Reports missing 1 doses of ART last month. Reports low mood lately.
SOCIAL HISTORY: Vapes daily. Family history significant for alcohol abuse in father and uncle.
OBJECTIVE: BP 118/66. Viral load undetectable (<50 copies/mL). CD4 560 cells/mm3.
ASSESSMENT/PLAN: Continue current ART. Labs in 3 months.",1,Family history significant for alcohol abuse in father and uncle.,0,,0,"top words: and, subjective 63, 63 year, 63",1,Family history significant for alcohol abuse in father and uncle.,Family history of alcohol abuse is a sign of current unhealthy alcohol use.,True
N0042,P0042,0,light_drinking,"HIV CLINIC FOLLOW-UP NOTE
Date: 2026-08-16
SUBJECTIVE: 63-year-old female with HIV on Symtuza here for routine follow-up. Reports missing 1 doses of ART last month. Some trouble sleeping.
SOCIAL HISTORY: Smokes 1 ppd. Rare alcohol use, a beer at holidays.
OBJECTIVE: BP 134/90. Viral load undetectable (<50 copies/mL). CD4 845 cells/mm3.
ASSESSMENT/PLAN: Continue current ART. Labs in 3 months.",1,"Rare alcohol use, a beer at holidays.",0,,0,"top words: at, beer, subjective 63, 63 year",0,"Rare alcohol use, a beer at holidays.","Patient reports only occasional, light drinking.",True
N0043,P0043,1,binge_drinking,"HIV CLINIC FOLLOW-UP NOTE
Date: 2026-06-15
SUBJECTIVE: 58-year-old male with HIV on Cabenuva (injectable) here for routine follow-up. Reports taking ART every day without missed doses. Reports low mood lately.
SOCIAL HISTORY: Denies tobacco. Endorses heavy episodic drinking, 8+ drinks on Fri and Sat nights.
OBJECTIVE: BP 135/71. Viral load 27,583 copies/mL. CD4 627 cells/mm3.
ASSESSMENT/PLAN: Adherence counseling provided. RTC 3 months.",1,"Endorses heavy episodic drinking, 8+ drinks on Fri and Sat nights.",0,,1,"top words: drinks, and, drinking, 15",1,"Endorses heavy episodic drinking, 8+ drinks on Fri and Sat nights.","Patient reports heavy drinking on specific nights, indicating current unhealthy alcohol use.",True
N0044,P0044,0,negated,"HIV CLINIC FOLLOW-UP NOTE
Date: 2026-06-13
SUBJECTIVE: 67-year-old male with HIV on Biktarvy here for routine follow-up. Reports taking ART every day without missed doses. No new complaints.
SOCIAL HISTORY: Smokes 1 ppd. Pt denies any EtOH, tobacco, or drug use.
OBJECTIVE: BP 148/71. Viral load undetectable (<50 copies/mL). CD4 565 cells/mm3.
ASSESSMENT/PLAN: Continue current ART. Labs in 3 months.",1,"Pt denies any EtOH, tobacco, or drug use.",0,,0,"top words: pt, ppd pt, subjective 67, 67 year",0,"Pt denies any EtOH, tobacco, or drug use.",Patient denies alcohol use.,True
N0045,P0045,1,tricky_positive,"HIV CLINIC FOLLOW-UP NOTE
Date: 2026-03-25
SUBJECTIVE: 46-year-old male with HIV on Biktarvy here for routine follow-up. Reports taking ART every day without missed doses. No new complaints.
SOCIAL HISTORY: Never smoker. Mother was an alcoholic; pt reports he now drinks about 25 drinks a week.
OBJECTIVE: BP 132/85. Viral load 673 copies/mL. CD4 132 cells/mm3.
ASSESSMENT/PLAN: Repeat viral load in 4 weeks.",1,Mother was an alcoholic;,1,pt reports he now drinks about 25 drinks a week.,1,"top words: drinks, pt, week, he",1,pt reports he now drinks about 25 drinks a week.,"Patient reports drinking 25 drinks a week, exceeding the weekly limit for heavy drinking.",True
N0046,P0046,0,no_mention,"HIV CLINIC FOLLOW-UP NOTE
Date: 2026-06-11
SUBJECTIVE: 70-year-old male with HIV on Genvoya here for routine follow-up. Reports missing 1 doses of ART last month. No new complaints.
SOCIAL HISTORY: Smokes 1 ppd.
OBJECTIVE: BP 130/93. Viral load undetectable (<50 copies/mL). CD4 981 cells/mm3.
ASSESSMENT/PLAN: Continue ART. Refer to behavioral health for support.",0,,0,,0,"top words: to, 11, 2026 06, month no",0,Smokes 1 ppd.,"Patient smokes, but there is no mention of alcohol use.",True
N0047,P0047,0,light_drinking,"HIV CLINIC FOLLOW-UP NOTE
Date: 2026-06-14
SUBJECTIVE: 22-year-old male with HIV on Triumeq here for routine follow-up. Reports missing 1 doses of ART last month. No new complaints.
SOCIAL HISTORY: Denies tobacco. Drinks 1 beer a few times per month. Occasional marijuana use.
OBJECTIVE: BP 148/96. Viral load undetectable (<50 copies/mL). CD4 827 cells/mm3.
ASSESSMENT/PLAN: Continue ART. Refer to behavioral health for support.",1,Drinks 1 beer a few times per month.,0,,0,"top words: drinks, per, beer, tobacco drinks",0,Drinks 1 beer a few times per month.,Patient drinks lightly and occasionally.,True
N0048,P0048,1,heavy_drinking,"HIV CLINIC FOLLOW-UP NOTE
Date: 2026-06-07
SUBJECTIVE: 45-year-old male with HIV on Cabenuva (injectable) here for routine follow-up. Reports missing 4 doses of ART last month. Reports mild fatigue.
SOCIAL HISTORY: Former smoker, quit 2018. Pt endorses drinking 22 standard drinks weekly, mostly liquor.
OBJECTIVE: BP 117/93. Viral load undetectable (<50 copies/mL). CD4 1051 cells/mm3.
ASSESSMENT/PLAN: Repeat viral load in 4 weeks.",1,"Pt endorses drinking 22 standard drinks weekly, mostly liquor.",1,"Pt endorses drinking 22 standard drinks weekly, mostly liquor.",1,"top words: drinks, pt, weekly, drinks weekly",1,"Pt endorses drinking 22 standard drinks weekly, mostly liquor.",Patient reports heavy drinking (22 standard drinks/week) and endorses drinking liquor.,True
N0049,P0049,0,no_mention,"HIV CLINIC FOLLOW-UP NOTE
Date: 2026-05-02
SUBJECTIVE: 67-year-old female with HIV on Cabenuva (injectable) here for routine follow-up. Reports taking ART every day without missed doses. Reports low mood lately.
SOCIAL HISTORY: Never smoker. Occasional marijuana use.
OBJECTIVE: BP 152/68. Viral load undetectable (<50 copies/mL). CD4 546 cells/mm3.
ASSESSMENT/PLAN: Continue current ART. Labs in 3 months.",0,,0,,0,"top words: subjective 67, 67 year, 67, every",0,,Alcohol is not mentioned in the note.,False
N0050,P0050,0,negated,"HIV CLINIC FOLLOW-UP NOTE
Date: 2026-08-25
SUBJECTIVE: 67-year-old male with HIV on Biktarvy here for routine follow-up. Reports taking ART every day without missed doses. Feels well overall.
SOCIAL HISTORY: Former smoker, quit 2018. Pt denies any EtOH, tobacco, or drug use. Occasional marijuana use.
OBJECTIVE: BP 146/68. Viral load undetectable (<50 copies/mL). CD4 392 cells/mm3.
ASSESSMENT/PLAN: Continue ART. Refer to behavioral health for support.",1,"Pt denies any EtOH, tobacco, or drug use.",0,,0,"top words: pt, subjective 67, 67 year, 67",0,"Pt denies any EtOH, tobacco, or drug use.",Patient denies alcohol use.,True
N0051,P0051,0,negated,"HIV CLINIC FOLLOW-UP NOTE
Date: 2026-09-07
SUBJECTIVE: 67-year-old female with HIV on Biktarvy here for routine follow-up. Reports taking ART every day without missed doses. Some trouble sleeping.
SOCIAL HISTORY: Smokes 1/2 ppd. Alcohol: none.
OBJECTIVE: BP 116/93. Viral load 39,010 copies/mL. CD4 282 cells/mm3.
ASSESSMENT/PLAN: Continue ART. Refer to behavioral health for support.",1,Alcohol: none.,0,,0,"top words: 39, load 39, ppd alcohol, subjective 67",0,Alcohol: none.,Patient denies alcohol use.,True
N0052,P0052,0,no_mention,"HIV CLINIC FOLLOW-UP NOTE
Date: 2026-06-26
SUBJECTIVE: 58-year-old female with HIV on Biktarvy here for routine follow-up. Reports taking ART every day without missed doses. Some trouble sleeping.
SOCIAL HISTORY: Former smoker, quit 2018. Occasional marijuana use.
OBJECTIVE: BP 122/81. Viral load 802 copies/mL. CD4 641 cells/mm3.
ASSESSMENT/PLAN: Refill ART. Discussed PrEP for partner. RTC 6 months.",0,,0,,0,"top words: 26, 06 26, 26 subjective, every",0,,No mention of alcohol use in the note.,False
N0053,P0053,1,binge_drinking,"HIV CLINIC FOLLOW-UP NOTE
Date: 2026-04-25
SUBJECTIVE: 40-year-old male with HIV on Dovato here for routine follow-up. Reports missing 6 doses of ART last month. Reports low mood lately.
SOCIAL HISTORY: Smokes 1 ppd. Pt reports getting drunk most weekends, typically 10 or more drinks.
OBJECTIVE: BP 132/67. Viral load undetectable (<50 copies/mL). CD4 946 cells/mm3.
ASSESSMENT/PLAN: Continue ART. Refer to behavioral health for support.",1,"Pt reports getting drunk most weekends, typically 10 or more drinks.",1,"Pt reports getting drunk most weekends, typically 10 or more drinks.",1,"top words: drinks, pt, most, weekends",1,"Pt reports getting drunk most weekends, typically 10 or more drinks.",Patient reports binge drinking (10+ drinks/weekend) and signs of intoxication.,True
N0054,P0054,1,binge_drinking,"HIV CLINIC FOLLOW-UP NOTE
Date: 2026-07-19
SUBJECTIVE: 67-year-old male with HIV on Dovato here for routine follow-up. Reports missing 6 doses of ART last month. Occasional headaches.
SOCIAL HISTORY: Smokes 1 ppd. Pt reports getting drunk most weekends, typically 5 or more drinks.
OBJECTIVE: BP 151/81. Viral load undetectable (<50 copies/mL). CD4 322 cells/mm3.
ASSESSMENT/PLAN: Continue ART. Refer to behavioral health for support.",1,"Pt reports getting drunk most weekends, typically 5 or more drinks.",1,"Pt reports getting drunk most weekends, typically 5 or more drinks.",1,"top words: drinks, pt, most, weekends",1,"Pt reports getting drunk most weekends, typically 5 or more drinks.",Patient reports binge drinking (5+ drinks) most weekends.,True
N0055,P0055,0,light_drinking,"HIV CLINIC FOLLOW-UP NOTE
Date: 2026-08-15
SUBJECTIVE: 47-year-old male with HIV on Genvoya here for routine follow-up. Reports taking ART every day without missed doses. Reports mild fatigue.
SOCIAL HISTORY: Never smoker. Drinks 1 beer a few times per month.
OBJECTIVE: BP 136/88. Viral load undetectable (<50 copies/mL). CD4 768 cells/mm3.
ASSESSMENT/PLAN: Refill ART. Discussed PrEP for partner. RTC 6 months.",1,Drinks 1 beer a few times per month.,0,,0,"top words: drinks, per, beer, 15",0,Drinks 1 beer a few times per month.,Patient drinks lightly and occasionally.,True
N0056,P0056,1,tricky_positive,"HIV CLINIC FOLLOW-UP NOTE
Date: 2026-03-25
SUBJECTIVE: 31-year-old male with HIV on Symtuza here for routine follow-up. Reports missing 2 doses of ART last month. Reports mild fatigue.
SOCIAL HISTORY: Former smoker, quit 2018. Denies IVDU but reports drinking 7 tall cans of beer every day. Denies IVDU.
OBJECTIVE: BP 111/69. Viral load undetectable (<50 copies/mL). CD4 357 cells/mm3.
ASSESSMENT/PLAN: Repeat viral load in 4 weeks.",1,Denies IVDU but reports drinking 7 tall cans of beer every day.,1,Denies IVDU but reports drinking 7 tall cans of beer every day.,1,"top words: reports drinking, but, of beer, cans of",1,Reports drinking 7 tall cans of beer every day.,Patient reports daily heavy drinking.,True
N0057,P0057,0,family_history,"HIV CLINIC FOLLOW-UP NOTE
Date: 2026-08-25
SUBJECTIVE: 59-year-old male with HIV on Dovato here for routine follow-up. Reports taking ART every day without missed doses. Occasional headaches.
SOCIAL HISTORY: Denies tobacco. FHx: mother with alcoholism. Denies illicit drug use.
OBJECTIVE: BP 149/78. Viral load undetectable (<50 copies/mL). CD4 1094 cells/mm3.
ASSESSMENT/PLAN: Continue ART. Refer to behavioral health for support.",1,FHx: mother with alcoholism.,0,,0,"top words: to, every, illicit drug, illicit",1,FHx: mother with alcoholism.,Family history of alcoholism indicates a possible history of unhealthy alcohol use by the patient.,True
N0058,P0058,0,past_use,"HIV CLINIC FOLLOW-UP NOTE
Date: 2026-07-30
SUBJECTIVE: 50-year-old male with HIV on Biktarvy here for routine follow-up. Reports missing 3 doses of ART last month. Occasional headaches.
SOCIAL HISTORY: Never smoker. Former heavy drinker, has not had a drink since 2013. Denies IVDU.
OBJECTIVE: BP 149/88. Viral load undetectable (<50 copies/mL). CD4 1113 cells/mm3.
ASSESSMENT/PLAN: Refill ART. Discussed PrEP for partner. RTC 6 months.",1,"Former heavy drinker, has not had a drink since 2013.",0,,0,"top words: had, of, last, reports",1,"Former heavy drinker, has not had a drink since 2013.","Patient reports being a former heavy drinker, indicating past heavy drinking.",True
N0059,P0059,1,tricky_positive,"HIV CLINIC FOLLOW-UP NOTE
Date: 2026-08-14
SUBJECTIVE: 30-year-old male with HIV on Biktarvy here for routine follow-up. Reports missing 3 doses of ART last month. Reports low mood lately.
SOCIAL HISTORY: Smokes 1/2 ppd. Mother was an alcoholic; pt reports he now drinks about 37 drinks a week. Occasional marijuana use.
OBJECTIVE: BP 115/71. Viral load undetectable (<50 copies/mL). CD4 1030 cells/mm3.
ASSESSMENT/PLAN: Repeat viral load in 4 weeks.",1,Mother was an alcoholic;,1,pt reports he now drinks about 37 drinks a week.,1,"top words: drinks, pt, week, he",1,pt reports he now drinks about 37 drinks a week.,Patient reports heavy drinking (37 drinks/week) and a family history of alcoholism.,True
N0060,P0060,0,family_history,"HIV CLINIC FOLLOW-UP NOTE
Date: 2026-04-01
SUBJECTIVE: 22-year-old female with HIV on Biktarvy here for routine follow-up. Reports missing 1 doses of ART last month. Some trouble sleeping.
SOCIAL HISTORY: Vapes daily. Family history significant for alcohol abuse in father and uncle.
OBJECTIVE: BP 142/71. Viral load undetectable (<50 copies/mL). CD4 386 cells/mm3.
ASSESSMENT/PLAN: Refill ART. Discussed PrEP for partner. RTC 6 months.",1,Family history significant for alcohol abuse in father and uncle.,0,,0,"top words: and, daily, 01 subjective, 01",1,Family history significant for alcohol abuse in father and uncle.,Family history of alcohol abuse indicates a possible history of unhealthy alcohol use in the patient.,True
N0061,P0061,0,no_mention,"HIV CLINIC FOLLOW-UP NOTE
Date: 2026-07-16
SUBJECTIVE: 64-year-old male with HIV on Cabenuva (injectable) here for routine follow-up. Reports missing 1 doses of ART last month. Reports low mood lately.
SOCIAL HISTORY: Vapes daily. Occasional marijuana use.
OBJECTIVE: BP 114/87. Viral load undetectable (<50 copies/mL). CD4 920 cells/mm3.
ASSESSMENT/PLAN: Continue current ART. Labs in 3 months.",0,,0,,0,"top words: daily, of, reports, last",0,,Alcohol is not mentioned in the note.,False
N0062,P0062,1,positive_screen,"HIV CLINIC FOLLOW-UP NOTE
Date: 2026-08-14
SUBJECTIVE: 34-year-old male with HIV on Symtuza here for routine follow-up. Reports taking ART every day without missed doses. Occasional headaches.
SOCIAL HISTORY: Never smoker. Positive AUDIT-C (7/12) at intake. Denies IVDU.
OBJECTIVE: BP 113/96. Viral load undetectable (<50 copies/mL). CD4 690 cells/mm3.
ASSESSMENT/PLAN: Continue ART. Refer to behavioral health for support.",1,Positive AUDIT-C (7/12) at intake.,1,Positive AUDIT-C (7/12) at intake.,0,"top words: positive, audit, positive audit, at",1,Positive AUDIT-C (7/12) at intake.,Patient has a positive AUDIT-C score indicating current unhealthy alcohol use.,True
N0063,P0063,0,family_history,"HIV CLINIC FOLLOW-UP NOTE
Date: 2026-06-20
SUBJECTIVE: 66-year-old male with HIV on Biktarvy here for routine follow-up. Reports missing 2 doses of ART last month. Feels well overall.
SOCIAL HISTORY: Smokes 1 ppd. FHx: mother with alcoholism. Denies illicit drug use.
OBJECTIVE: BP 123/68. Viral load undetectable (<50 copies/mL). CD4 1106 cells/mm3.
ASSESSMENT/PLAN: Continue ART. Refer to behavioral health for support.",1,FHx: mother with alcoholism.,0,,0,"top words: bp 123, 123, to, 20",0,FHx: mother with alcoholism.,"Family history of alcoholism, but the patient denies illicit drug use and does not exhibit signs of current unhealthy alcohol use.",True
N0064,P0064,1,binge_drinking,"HIV CLINIC FOLLOW-UP NOTE
Date: 2026-03-03
SUBJECTIVE: 29-year-old female with HIV on Dovato here for routine follow-up. Reports taking ART every day without missed doses. Reports mild fatigue.
SOCIAL HISTORY: Smokes 1/2 ppd. Pt reports getting drunk most weekends, typically 10 or more drinks. Denies IVDU.
OBJECTIVE: BP 132/96. Viral load undetectable (<50 copies/mL). CD4 580 cells/mm3.
ASSESSMENT/PLAN: Continue current ART. Labs in 3 months.",1,"Pt reports getting drunk most weekends, typically 10 or more drinks.",1,"Pt reports getting drunk most weekends, typically 10 or more drinks.",1,"top words: drinks, pt, most, weekends",1,"Pt reports getting drunk most weekends, typically 10 or more drinks.",Patient reports binge drinking (10+ drinks) most weekends.,True
N0065,P0065,0,light_drinking,"HIV CLINIC FOLLOW-UP NOTE
Date: 2026-09-09
SUBJECTIVE: 29-year-old male with HIV on Dovato here for routine follow-up. Reports taking ART every day without missed doses. Some trouble sleeping.
SOCIAL HISTORY: Smokes 1 ppd. Drinks 1 beer a few times per month. Occasional marijuana use.
OBJECTIVE: BP 151/96. Viral load undetectable (<50 copies/mL). CD4 625 cells/mm3.
ASSESSMENT/PLAN: Repeat viral load in 4 weeks.",1,Drinks 1 beer a few times per month.,0,,0,"top words: drinks, per, beer, 09",0,Drinks 1 beer a few times per month.,Patient drinks only lightly and occasionally.,True
N0066,P0066,0,past_use,"HIV CLINIC FOLLOW-UP NOTE
Date: 2026-09-02
SUBJECTIVE: 47-year-old male with HIV on Biktarvy here for routine follow-up. Reports taking ART every day without missed doses. Reports low mood lately.
SOCIAL HISTORY: Denies tobacco. Stopped drinking 10 years ago after pancreatitis.
OBJECTIVE: BP 123/87. Viral load undetectable (<50 copies/mL). CD4 354 cells/mm3.
ASSESSMENT/PLAN: Repeat viral load in 4 weeks.",1,Stopped drinking 10 years ago after pancreatitis.,0,,0,"top words: after, drinking, 10, bp 123",0,Stopped drinking 10 years ago after pancreatitis.,"Patient stopped drinking 10 years ago, indicating past drinking behavior.",True
N0067,P0067,0,negated,"HIV CLINIC FOLLOW-UP NOTE
Date: 2026-06-13
SUBJECTIVE: 51-year-old male with HIV on Triumeq here for routine follow-up. Reports missing 1 doses of ART last month. Reports low mood lately.
SOCIAL HISTORY: Former smoker, quit 2018. Alcohol: none. Denies illicit drug use.
OBJECTIVE: BP 113/68. Viral load undetectable (<50 copies/mL). CD4 612 cells/mm3.
ASSESSMENT/PLAN: Adherence counseling provided. RTC 3 months.",1,Alcohol: none.,0,,0,"top words: 2018 alcohol, illicit drug, illicit, drug use",0,Alcohol: none.,Patient denies alcohol use.,True
N0068,P0068,0,no_mention,"HIV CLINIC FOLLOW-UP NOTE
Date: 2026-04-01
SUBJECTIVE: 32-year-old female with HIV on Biktarvy here for routine follow-up. Reports missing 3 doses of ART last month. Feels well overall.
SOCIAL HISTORY: Smokes 1 ppd. Denies illicit drug use.
OBJECTIVE: BP 120/95. Viral load undetectable (<50 copies/mL). CD4 1014 cells/mm3.
ASSESSMENT/PLAN: Continue current ART. Labs in 3 months.",0,,0,,0,"top words: 120, bp 120, 01 subjective, 01",0,Smokes 1 ppd.,"Patient smokes, but denies illicit drug use and does not report heavy drinking.",True
N0069,P0069,0,family_history,"HIV CLINIC FOLLOW-UP NOTE
Date: 2026-05-30
SUBJECTIVE: 66-year-old female with HIV on Biktarvy here for routine follow-up. Reports taking ART every day without missed doses. Occasional headaches.
SOCIAL HISTORY: Smokes 1/2 ppd. Family history significant for alcohol abuse in father and uncle. Denies IVDU.
OBJECTIVE: BP 132/71. Viral load undetectable (<50 copies/mL). CD4 826 cells/mm3.
ASSESSMENT/PLAN: Continue ART. Refer to behavioral health for support.",1,Family history significant for alcohol abuse in father and uncle.,0,,0,"top words: and, to, every, 132",1,Family history significant for alcohol abuse in father and uncle.,Family history of alcohol abuse is a sign of current unhealthy alcohol use.,True
N0070,P0070,0,no_mention,"HIV CLINIC FOLLOW-UP NOTE
Date: 2026-04-25
SUBJECTIVE: 43-year-old female with HIV on Dovato here for routine follow-up. Reports taking ART every day without missed doses. No new complaints.
SOCIAL HISTORY: Former smoker, quit 2018.
OBJECTIVE: BP 137/94. Viral load 41,564 copies/mL. CD4 493 cells/mm3.
ASSESSMENT/PLAN: Repeat viral load in 4 weeks.",0,,0,,0,"top words: 41, 04 25, bp 137, 137",0,,Alcohol use is not mentioned in the note.,False
N0071,P0071,0,light_drinking,"HIV CLINIC FOLLOW-UP NOTE
Date: 2026-07-04
SUBJECTIVE: 25-year-old male with HIV on Biktarvy here for routine follow-up. Reports missing 2 doses of ART last month. Feels well overall.
SOCIAL HISTORY: Never smoker. Social drinker, 1 glass of wine on weekends. Denies illicit drug use.
OBJECTIVE: BP 140/94. Viral load undetectable (<50 copies/mL). CD4 741 cells/mm3.
ASSESSMENT/PLAN: Adherence counseling provided. RTC 3 months.",1,"Social drinker, 1 glass of wine on weekends.",0,,0,"top words: weekends, on weekends, of, illicit drug",0,"Social drinker, 1 glass of wine on weekends.","Patient drinks lightly and occasionally, only on weekends.",True
N0072,P0072,0,negated,"HIV CLINIC FOLLOW-UP NOTE
Date: 2026-06-21
SUBJECTIVE: 53-year-old male with HIV on Symtuza here for routine follow-up. Reports taking ART every day without missed doses. Reports mild fatigue.
SOCIAL HISTORY: Denies tobacco. Pt denies any EtOH, tobacco, or drug use. Denies IVDU.
OBJECTIVE: BP 116/77. Viral load undetectable (<50 copies/mL). CD4 411 cells/mm3.
ASSESSMENT/PLAN: Refill ART. Discussed PrEP for partner. RTC 6 months.",1,"Pt denies any EtOH, tobacco, or drug use.",0,,0,"top words: pt, tobacco pt, every, drug use",0,"Pt denies any EtOH, tobacco, or drug use.",Patient denies alcohol use.,True
N0073,P0073,1,heavy_drinking,"HIV CLINIC FOLLOW-UP NOTE
Date: 2026-05-08
SUBJECTIVE: 67-year-old male with HIV on Biktarvy here for routine follow-up. Reports taking ART every day without missed doses. Occasional headaches.
SOCIAL HISTORY: Smokes 1/2 ppd. Admits to 7 beers nightly. Denies IVDU.
OBJECTIVE: BP 143/81. Viral load undetectable (<50 copies/mL). CD4 981 cells/mm3.
ASSESSMENT/PLAN: Adherence counseling provided. RTC 3 months.",1,Admits to 7 beers nightly.,0,,0,"top words: admits, subjective 67, 67 year, 05 08",1,Admits to 7 beers nightly.,Patient admits to heavy drinking (7 beers nightly) despite no other evidence of current unhealthy alcohol use.,True
N0074,P0074,1,tricky_positive,"HIV CLINIC FOLLOW-UP NOTE
Date: 2026-08-21
SUBJECTIVE: 70-year-old male with HIV on Genvoya here for routine follow-up. Reports missing 3 doses of ART last month. Feels well overall.
SOCIAL HISTORY: Former smoker, quit 2018. Previously sober for 2 years but relapsed recently, now drinking 10 beers a day. Denies IVDU.
OBJECTIVE: BP 108/79. Viral load 15,699 copies/mL. CD4 143 cells/mm3.
ASSESSMENT/PLAN: Refill ART. Discussed PrEP for partner. RTC 6 months.",1,"Previously sober for 2 years but relapsed recently, now drinking 10 beers a day.",0,,0,"top words: but, drinking, 15, 10",1,"Previously sober for 2 years but relapsed recently, now drinking 10 beers a day.","Patient has relapsed to drinking and consumes 10 beers a day, indicating current unhealthy alcohol use.",True
N0075,P0075,1,tricky_positive,"HIV CLINIC FOLLOW-UP NOTE
Date: 2026-04-20
SUBJECTIVE: 53-year-old male with HIV on Biktarvy here for routine follow-up. Reports missing 6 doses of ART last month. Reports low mood lately.
SOCIAL HISTORY: Smokes 1 ppd. Mother was an alcoholic; pt reports he now drinks about 34 drinks a week. Denies illicit drug use.
OBJECTIVE: BP 140/85. Viral load 16,410 copies/mL. CD4 529 cells/mm3.
ASSESSMENT/PLAN: Adherence counseling provided. RTC 3 months.",1,Mother was an alcoholic;,1,pt reports he now drinks about 34 drinks a week.,1,"top words: drinks, pt, week, he",1,pt reports he now drinks about 34 drinks a week.,Patient reports heavy drinking (34 drinks/week) and a family history of alcoholism.,True
N0076,P0076,1,indirect_signs,"HIV CLINIC FOLLOW-UP NOTE
Date: 2026-03-24
SUBJECTIVE: 59-year-old female with HIV on Triumeq here for routine follow-up. Reports taking ART every day without missed doses. Occasional headaches.
SOCIAL HISTORY: Smokes 1/2 ppd. Tremulous; reports morning shakes relieved by a drink. Denies IVDU.
OBJECTIVE: BP 141/75. Viral load 40,600 copies/mL. CD4 294 cells/mm3.
ASSESSMENT/PLAN: Adherence counseling provided. RTC 3 months.",1,reports morning shakes relieved by a drink.,0,,0,"top words: morning, every, bp 141, 141",1,Tremulous; reports morning shakes relieved by a drink.,"Patient reports morning shakes relieved by a drink, indicating possible alcohol use to alleviate symptoms.",True
N0077,P0077,1,indirect_signs,"HIV CLINIC FOLLOW-UP NOTE
Date: 2026-03-13
SUBJECTIVE: 49-year-old male with HIV on Dovato here for routine follow-up. Reports missing 1 doses of ART last month. No new complaints.
SOCIAL HISTORY: Never smoker. Pt appeared intoxicated at today's appointment and smelled of EtOH. Denies illicit drug use.
OBJECTIVE: BP 111/87. Viral load undetectable (<50 copies/mL). CD4 627 cells/mm3.
ASSESSMENT/PLAN: Continue ART. Refer to behavioral health for support.",1,Pt appeared intoxicated at today's appointment and smelled of EtOH.,1,Pt appeared intoxicated at today's appointment and smelled of EtOH.,1,"top words: pt, at, today, intoxicated",1,Pt appeared intoxicated at today's appointment and smelled of EtOH.,Patient appeared intoxicated and smelled of alcohol.,True
N0078,P0078,1,indirect_signs,"HIV CLINIC FOLLOW-UP NOTE
Date: 2026-05-24
SUBJECTIVE: 52-year-old male with HIV on Dovato here for routine follow-up. Reports taking ART every day without missed doses. Reports low mood lately.
SOCIAL HISTORY: Former smoker, quit 2018. Tremulous; reports morning shakes relieved by a drink.
OBJECTIVE: BP 145/82. Viral load 1,095 copies/mL. CD4 223 cells/mm3.
ASSESSMENT/PLAN: Repeat viral load in 4 weeks.",1,reports morning shakes relieved by a drink.,0,,0,"top words: morning, 82 viral, 82, 05 24",1,Tremulous; reports morning shakes relieved by a drink.,"Patient reports morning shakes relieved by a drink, indicating possible alcohol use to alleviate symptoms.",True
N0079,P0079,0,negated,"HIV CLINIC FOLLOW-UP NOTE
Date: 2026-08-06
SUBJECTIVE: 63-year-old male with HIV on Triumeq here for routine follow-up. Reports missing 3 doses of ART last month. Reports low mood lately.
SOCIAL HISTORY: Former smoker, quit 2018. Pt denies any EtOH, tobacco, or drug use.
OBJECTIVE: BP 138/90. Viral load undetectable (<50 copies/mL). CD4 859 cells/mm3.
ASSESSMENT/PLAN: Adherence counseling provided. RTC 3 months.",1,"Pt denies any EtOH, tobacco, or drug use.",0,,1,"top words: pt, subjective 63, 63 year, 63",0,"Pt denies any EtOH, tobacco, or drug use.",Patient denies alcohol use.,True
N0080,P0080,0,negated,"HIV CLINIC FOLLOW-UP NOTE
Date: 2026-07-07
SUBJECTIVE: 31-year-old male with HIV on Biktarvy here for routine follow-up. Reports missing 2 doses of ART last month. Feels well overall.
SOCIAL HISTORY: Smokes 1/2 ppd. Pt denies any EtOH, tobacco, or drug use. Occasional marijuana use.
OBJECTIVE: BP 125/88. Viral load 27,659 copies/mL. CD4 626 cells/mm3.
ASSESSMENT/PLAN: Adherence counseling provided. RTC 3 months.",1,"Pt denies any EtOH, tobacco, or drug use.",0,,1,"top words: pt, ppd pt, 07 subjective, 27",0,"Pt denies any EtOH, tobacco, or drug use.",Patient denies alcohol use.,True
N0081,P0081,1,tricky_positive,"HIV CLINIC FOLLOW-UP NOTE
Date: 2026-09-16
SUBJECTIVE: 58-year-old male with HIV on Biktarvy here for routine follow-up. Reports missing 2 doses of ART last month. Feels well overall.
SOCIAL HISTORY: Smokes 1 ppd. Previously sober for 2 years but relapsed recently, now drinking 7 beers a day. Denies IVDU.
OBJECTIVE: BP 125/72. Viral load undetectable (<50 copies/mL). CD4 875 cells/mm3.
ASSESSMENT/PLAN: Adherence counseling provided. RTC 3 months.",1,"Previously sober for 2 years but relapsed recently, now drinking 7 beers a day.",0,,0,"top words: but, drinking, beers, 09",1,"Previously sober for 2 years but relapsed recently, now drinking 7 beers a day.","Patient has relapsed to drinking and consumes 7 beers a day, indicating heavy drinking.",True
N0082,P0082,1,heavy_drinking,"HIV CLINIC FOLLOW-UP NOTE
Date: 2026-04-13
SUBJECTIVE: 58-year-old male with HIV on Triumeq here for routine follow-up. Reports missing 1 doses of ART last month. Feels well overall.
SOCIAL HISTORY: Never smoker. Reports 4 tall cans of malt liquor a day. Denies illicit drug use.
OBJECTIVE: BP 123/75. Viral load undetectable (<50 copies/mL). CD4 421 cells/mm3.
ASSESSMENT/PLAN: Continue current ART. Labs in 3 months.",1,Reports 4 tall cans of malt liquor a day.,1,Reports 4 tall cans of malt liquor a day.,0,"top words: cans of, cans, smoker reports, bp 123",1,Reports 4 tall cans of malt liquor a day.,"Patient consumes 4 tall cans of malt liquor daily, indicating heavy drinking.",True
N0083,P0083,0,past_use,"HIV CLINIC FOLLOW-UP NOTE
Date: 2026-09-01
SUBJECTIVE: 39-year-old male with HIV on Genvoya here for routine follow-up. Reports missing 1 doses of ART last month. Feels well overall.
SOCIAL HISTORY: Never smoker. Hx EtOH use disorder, sustained remission, attends AA weekly. Denies IVDU.
OBJECTIVE: BP 126/76. Viral load undetectable (<50 copies/mL). CD4 570 cells/mm3.
ASSESSMENT/PLAN: Continue current ART. Labs in 3 months.",1,"Hx EtOH use disorder, sustained remission, attends AA weekly.",0,,0,"top words: weekly, 39, weekly denies, 01 subjective",1,"Hx EtOH use disorder, sustained remission, attends AA weekly.","Patient has a history of EtOH use disorder and is in sustained remission, indicating current unhealthy alcohol use.",True
N0084,P0084,0,past_use,"HIV CLINIC FOLLOW-UP NOTE
Date: 2026-04-22
SUBJECTIVE: 22-year-old male with HIV on Symtuza here for routine follow-up. Reports missing 1 doses of ART last month. Some trouble sleeping.
SOCIAL HISTORY: Smokes 1 ppd. Former heavy drinker, has not had a drink since 2012. Occasional marijuana use.
OBJECTIVE: BP 125/72. Viral load undetectable (<50 copies/mL). CD4 864 cells/mm3.
ASSESSMENT/PLAN: Repeat viral load in 4 weeks.",1,"Former heavy drinker, has not had a drink since 2012.",0,,0,"top words: had, of, last, reports",0,"Former heavy drinker, has not had a drink since 2012.","Patient has not had a drink since 2012, indicating they have been sober for over 14 years.",True
N0085,P0085,0,past_use,"HIV CLINIC FOLLOW-UP NOTE
Date: 2026-07-24
SUBJECTIVE: 70-year-old male with HIV on Cabenuva (injectable) here for routine follow-up. Reports taking ART every day without missed doses. Reports low mood lately.
SOCIAL HISTORY: Smokes 1 ppd. Former heavy drinker, has not had a drink since 2017. Occasional marijuana use.
OBJECTIVE: BP 126/66. Viral load undetectable (<50 copies/mL). CD4 493 cells/mm3.
ASSESSMENT/PLAN: Continue ART. Refer to behavioral health for support.",1,"Former heavy drinker, has not had a drink since 2017.",0,,0,"top words: had, to, every, 24 subjective",1,Former heavy drinker.,"Patient reports being a former heavy drinker, indicating past unhealthy alcohol use.",False
N0086,P0086,1,binge_drinking,"HIV CLINIC FOLLOW-UP NOTE
Date: 2026-09-09
SUBJECTIVE: 33-year-old male with HIV on Symtuza here for routine follow-up. Reports taking ART every day without missed doses. No new complaints.
SOCIAL HISTORY: Smokes 1/2 ppd. Pt reports getting drunk most weekends, typically 7 or more drinks.
OBJECTIVE: BP 132/78. Viral load undetectable (<50 copies/mL). CD4 1044 cells/mm3.
ASSESSMENT/PLAN: Continue current ART. Labs in 3 months.",1,"Pt reports getting drunk most weekends, typically 7 or more drinks.",1,"Pt reports getting drunk most weekends, typically 7 or more drinks.",1,"top words: drinks, pt, most, weekends",1,"Pt reports getting drunk most weekends, typically 7 or more drinks.",Patient reports binge drinking (7+ drinks/weekend) and signs of intoxication.,True
N0087,P0087,1,binge_drinking,"HIV CLINIC FOLLOW-UP NOTE
Date: 2026-04-21
SUBJECTIVE: 22-year-old female with HIV on Biktarvy here for routine follow-up. Reports missing 6 doses of ART last month. Feels well overall.
SOCIAL HISTORY: Never smoker. Endorses heavy episodic drinking, 6+ drinks on Fri and Sat nights. Denies IVDU.
OBJECTIVE: BP 136/92. Viral load 22,376 copies/mL. CD4 177 cells/mm3.
ASSESSMENT/PLAN: Adherence counseling provided. RTC 3 months.",1,"Endorses heavy episodic drinking, 6+ drinks on Fri and Sat nights.",0,,1,"top words: drinks, and, drinking, of",1,"Endorses heavy episodic drinking, 6+ drinks on Fri and Sat nights.","Patient reports heavy drinking on specific nights, indicating current unhealthy alcohol use.",True
N0088,P0088,1,tricky_positive,"HIV CLINIC FOLLOW-UP NOTE
Date: 2026-06-15
SUBJECTIVE: 52-year-old male with HIV on Biktarvy here for routine follow-up. Reports taking ART every day without missed doses. Reports mild fatigue.
SOCIAL HISTORY: Never smoker. Denies IVDU but reports drinking 4 tall cans of beer every day. Denies illicit drug use.
OBJECTIVE: BP 109/73. Viral load undetectable (<50 copies/mL). CD4 823 cells/mm3.
ASSESSMENT/PLAN: Refill ART. Discussed PrEP for partner. RTC 6 months.",1,Denies IVDU but reports drinking 4 tall cans of beer every day.,1,Denies IVDU but reports drinking 4 tall cans of beer every day.,1,"top words: reports drinking, but, of beer, cans of",1,Reports drinking 4 tall cans of beer every day.,Patient reports daily heavy drinking.,True
N0089,P0089,0,negated,"HIV CLINIC FOLLOW-UP NOTE
Date: 2026-03-20
SUBJECTIVE: 44-year-old female with HIV on Biktarvy here for routine follow-up. Reports taking ART every day without missed doses. No new complaints.
SOCIAL HISTORY: Vapes daily. Never drinks alcohol, per patient.
OBJECTIVE: BP 131/95. Viral load 18,668 copies/mL. CD4 455 cells/mm3.
ASSESSMENT/PLAN: Continue current ART. Labs in 3 months.",1,"Never drinks alcohol, per patient.",0,,0,"top words: drinks, per, daily, 131",0,"Never drinks alcohol, per patient.",Patient denies drinking alcohol.,True
N0090,P0090,0,no_mention,"HIV CLINIC FOLLOW-UP NOTE
Date: 2026-03-27
SUBJECTIVE: 60-year-old male with HIV on Biktarvy here for routine follow-up. Reports missing 1 doses of ART last month. Reports low mood lately.
SOCIAL HISTORY: Former smoker, quit 2018. Denies IVDU.
OBJECTIVE: BP 131/95. Viral load undetectable (<50 copies/mL). CD4 656 cells/mm3.
ASSESSMENT/PLAN: Continue ART. Refer to behavioral health for support.",0,,0,,0,"top words: 131, to, 27, bp 131",0,,Patient denies IVDU (intravenous drug use) and reports quitting smoking in 2018.,False
N0091,P0091,0,light_drinking,"HIV CLINIC FOLLOW-UP NOTE
Date: 2026-04-07
SUBJECTIVE: 67-year-old male with HIV on Cabenuva (injectable) here for routine follow-up. Reports taking ART every day without missed doses. Reports mild fatigue.
SOCIAL HISTORY: Smokes 1/2 ppd. Social drinker, 1 glass of wine on weekends.
OBJECTIVE: BP 119/90. Viral load 28,213 copies/mL. CD4 375 cells/mm3.
ASSESSMENT/PLAN: Refill ART. Discussed PrEP for partner. RTC 6 months.",1,"Social drinker, 1 glass of wine on weekends.",0,,0,"top words: weekends, on weekends, subjective 67, 67 year",0,"Social drinker, 1 glass of wine on weekends.","Patient drinks lightly and occasionally, only on weekends.",True
N0092,P0092,0,negated,"HIV CLINIC FOLLOW-UP NOTE
Date: 2026-03-22
SUBJECTIVE: 53-year-old male with HIV on Cabenuva (injectable) here for routine follow-up. Reports missing 3 doses of ART last month. Feels well overall.
SOCIAL HISTORY: Vapes daily. Alcohol: none. Denies IVDU.
OBJECTIVE: BP 144/90. Viral load undetectable (<50 copies/mL). CD4 693 cells/mm3.
ASSESSMENT/PLAN: Adherence counseling provided. RTC 3 months.",1,Alcohol: none.,0,,0,"top words: daily, daily alcohol, 144, bp 144",0,Alcohol: none.,Patient denies alcohol use.,True
N0093,P0093,0,family_history,"HIV CLINIC FOLLOW-UP NOTE
Date: 2026-06-26
SUBJECTIVE: 37-year-old male with HIV on Biktarvy here for routine follow-up. Reports missing 1 doses of ART last month. Occasional headaches.
SOCIAL HISTORY: Never smoker. FHx: mother with alcoholism.
OBJECTIVE: BP 123/72. Viral load undetectable (<50 copies/mL). CD4 601 cells/mm3.
ASSESSMENT/PLAN: Adherence counseling provided. RTC 3 months.",1,FHx: mother with alcoholism.,0,,0,"top words: 26, 06 26, 26 subjective, bp 123",1,FHx: mother with alcoholism.,Family history of alcoholism indicates a possible genetic predisposition to unhealthy alcohol use.,True
N0094,P0094,1,heavy_drinking,"HIV CLINIC FOLLOW-UP NOTE
Date: 2026-04-07
SUBJECTIVE: 30-year-old male with HIV on Biktarvy here for routine follow-up. Reports missing 2 doses of ART last month. No new complaints.
SOCIAL HISTORY: Former smoker, quit 2018. ETOH: about a fifth of whiskey per day per pt. Occasional marijuana use.
OBJECTIVE: BP 123/68. Viral load undetectable (<50 copies/mL). CD4 330 cells/mm3.
ASSESSMENT/PLAN: Continue current ART. Labs in 3 months.",1,ETOH: about a fifth of whiskey per day per pt.,1,ETOH: about a fifth of whiskey per day per pt.,1,"top words: per, pt, about, 07 subjective",1,ETOH: about a fifth of whiskey per day per pt.,"Patient consumes a significant amount of whiskey daily, indicating heavy drinking.",True
N0095,P0095,0,past_use,"HIV CLINIC FOLLOW-UP NOTE
Date: 2026-03-29
SUBJECTIVE: 48-year-old male with HIV on Genvoya here for routine follow-up. Reports missing 3 doses of ART last month. Reports low mood lately.
SOCIAL HISTORY: Never smoker. Former heavy drinker, has not had a drink since 2020. Denies illicit drug use.
OBJECTIVE: BP 110/85. Viral load undetectable (<50 copies/mL). CD4 593 cells/mm3.
ASSESSMENT/PLAN: Adherence counseling provided. RTC 3 months.",1,"Former heavy drinker, has not had a drink since 2020.",0,,0,"top words: had, illicit drug, illicit, drug use",0,"Former heavy drinker, has not had a drink since 2020.","Patient has not had a drink since 2020, indicating they have been sober for 6 years.",True
N0096,P0096,0,negated,"HIV CLINIC FOLLOW-UP NOTE
Date: 2026-06-05
SUBJECTIVE: 22-year-old male with HIV on Symtuza here for routine follow-up. Reports taking ART every day without missed doses. Occasional headaches.
SOCIAL HISTORY: Never smoker. Alcohol: none. Occasional marijuana use.
OBJECTIVE: BP 147/67. Viral load undetectable (<50 copies/mL). CD4 834 cells/mm3.
ASSESSMENT/PLAN: Adherence counseling provided. RTC 3 months.",1,Alcohol: none.,0,,0,"top words: smoker alcohol, 67, every, 2026 06",0,Alcohol: none.,Patient denies alcohol use.,True
N0097,P0097,0,negated,"HIV CLINIC FOLLOW-UP NOTE
Date: 2026-03-28
SUBJECTIVE: 69-year-old female with HIV on Biktarvy here for routine follow-up. Reports missing 1 doses of ART last month. Some trouble sleeping.
SOCIAL HISTORY: Smokes 1/2 ppd. ETOH: denies. Denies illicit drug use.
OBJECTIVE: BP 146/90. Viral load undetectable (<50 copies/mL). CD4 576 cells/mm3.
ASSESSMENT/PLAN: Continue ART. Refer to behavioral health for support.",1,ETOH: denies.,0,,0,"top words: 69, subjective 69, 69 year, 28",0,Denies illicit drug use.,Patient denies alcohol use.,True
N0098,P0098,1,heavy_drinking,"HIV CLINIC FOLLOW-UP NOTE
Date: 2026-03-22
SUBJECTIVE: 40-year-old male with HIV on Triumeq here for routine follow-up. Reports missing 4 doses of ART last month. No new complaints.
SOCIAL HISTORY: Vapes daily. Reports 5 tall cans of malt liquor a day.
OBJECTIVE: BP 144/91. Viral load undetectable (<50 copies/mL). CD4 575 cells/mm3.
ASSESSMENT/PLAN: Refill ART. Discussed PrEP for partner. RTC 6 months.",1,Reports 5 tall cans of malt liquor a day.,1,Reports 5 tall cans of malt liquor a day.,0,"top words: cans of, cans, daily reports, daily",1,Reports 5 tall cans of malt liquor a day.,Patient reports heavy drinking daily.,True
N0099,P0099,1,heavy_drinking,"HIV CLINIC FOLLOW-UP NOTE
Date: 2026-05-24
SUBJECTIVE: 42-year-old male with HIV on Symtuza here for routine follow-up. Reports missing 4 doses of ART last month. No new complaints.
SOCIAL HISTORY: Smokes 1 ppd. Pt endorses drinking 26 standard drinks weekly, mostly liquor.
OBJECTIVE: BP 140/91. Viral load 8,688 copies/mL. CD4 189 cells/mm3.
ASSESSMENT/PLAN: Adherence counseling provided. RTC 3 months.",1,"Pt endorses drinking 26 standard drinks weekly, mostly liquor.",1,"Pt endorses drinking 26 standard drinks weekly, mostly liquor.",1,"top words: drinks, pt, weekly, drinks weekly",1,"Pt endorses drinking 26 standard drinks weekly, mostly liquor.","Patient reports heavy drinking (26 standard drinks/week), which is above the recommended limits.",True
N0100,P0100,1,heavy_drinking,"HIV CLINIC FOLLOW-UP NOTE
Date: 2026-08-31
SUBJECTIVE: 46-year-old male with HIV on Triumeq here for routine follow-up. Reports taking ART every day without missed doses. Feels well overall.
SOCIAL HISTORY: Never smoker. Reports 4 tall cans of malt liquor a day.
OBJECTIVE: BP 146/86. Viral load undetectable (<50 copies/mL). CD4 1087 cells/mm3.
ASSESSMENT/PLAN: Repeat viral load in 4 weeks.",1,Reports 4 tall cans of malt liquor a day.,1,Reports 4 tall cans of malt liquor a day.,0,"top words: cans of, cans, smoker reports, subjective 46",1,Reports 4 tall cans of malt liquor a day.,"Patient consumes 4 tall cans of malt liquor daily, exceeding moderate drinking limits.",True
N0101,P0101,0,no_mention,"HIV CLINIC FOLLOW-UP NOTE
Date: 2026-04-09
SUBJECTIVE: 43-year-old male with HIV on Triumeq here for routine follow-up. Reports taking ART every day without missed doses. No new complaints.
SOCIAL HISTORY: Vapes daily. Denies IVDU.
OBJECTIVE: BP 108/70. Viral load undetectable (<50 copies/mL). CD4 376 cells/mm3.
ASSESSMENT/PLAN: Continue ART. Refer to behavioral health for support.",0,,0,,0,"top words: daily denies, daily, to, 09",0,Denies IVDU.,"Patient denies intravenous drug use, which is a risk factor for alcohol use disorder.",True
N0102,P0102,0,negated,"HIV CLINIC FOLLOW-UP NOTE
Date: 2026-05-06
SUBJECTIVE: 27-year-old male with HIV on Genvoya here for routine follow-up. Reports missing 1 doses of ART last month. Occasional headaches.
SOCIAL HISTORY: Smokes 1 ppd. ETOH: denies.
OBJECTIVE: BP 149/95. Viral load 11,943 copies/mL. CD4 561 cells/mm3.
ASSESSMENT/PLAN: Adherence counseling provided. RTC 3 months.",1,ETOH: denies.,0,,0,"top words: 27, 11, of, 05 06",0,ETOH: denies.,Patient denies alcohol use.,True
N0103,P0103,0,no_mention,"HIV CLINIC FOLLOW-UP NOTE
Date: 2026-06-24
SUBJECTIVE: 58-year-old male with HIV on Genvoya here for routine follow-up. Reports missing 1 doses of ART last month. Feels well overall.
SOCIAL HISTORY: Former smoker, quit 2018. Denies illicit drug use.
OBJECTIVE: BP 149/67. Viral load 27,279 copies/mL. CD4 608 cells/mm3.
ASSESSMENT/PLAN: Adherence counseling provided. RTC 3 months.",0,,0,,0,"top words: 67, 27, load 27, illicit drug",0,Denies illicit drug use.,"Patient denies illicit drug use, which includes alcohol.",True
N0104,P0104,0,family_history,"HIV CLINIC FOLLOW-UP NOTE
Date: 2026-06-28
SUBJECTIVE: 57-year-old male with HIV on Symtuza here for routine follow-up. Reports missing 3 doses of ART last month. Occasional headaches.
SOCIAL HISTORY: Denies tobacco. FHx: mother with alcoholism.
OBJECTIVE: BP 114/68. Viral load undetectable (<50 copies/mL). CD4 777 cells/mm3.
ASSESSMENT/PLAN: Adherence counseling provided. RTC 3 months.",1,FHx: mother with alcoholism.,0,,0,"top words: 28, 2026 06, of, last",1,FHx: mother with alcoholism.,Family history of alcoholism indicates a possible genetic predisposition to unhealthy alcohol use.,True
N0105,P0105,0,light_drinking,"HIV CLINIC FOLLOW-UP NOTE
Date: 2026-07-18
SUBJECTIVE: 47-year-old male with HIV on Triumeq here for routine follow-up. Reports missing 3 doses of ART last month. Reports mild fatigue.
SOCIAL HISTORY: Never smoker. Social drinker, 1 glass of wine on weekends. Denies IVDU.
OBJECTIVE: BP 148/72. Viral load 29,991 copies/mL. CD4 129 cells/mm3.
ASSESSMENT/PLAN: Continue ART. Refer to behavioral health for support.",1,"Social drinker, 1 glass of wine on weekends.",0,,0,"top words: weekends, on weekends, of, to",0,"Social drinker, 1 glass of wine on weekends.","Patient drinks lightly and occasionally, only on weekends.",True
N0106,P0106,0,past_use,"HIV CLINIC FOLLOW-UP NOTE
Date: 2026-04-06
SUBJECTIVE: 60-year-old male with HIV on Biktarvy here for routine follow-up. Reports missing 2 doses of ART last month. Occasional headaches.
SOCIAL HISTORY: Smokes 1/2 ppd. Former heavy drinker, has not had a drink since 2019.
OBJECTIVE: BP 113/75. Viral load undetectable (<50 copies/mL). CD4 385 cells/mm3.
ASSESSMENT/PLAN: Refill ART. Discussed PrEP for partner. RTC 6 months.",1,"Former heavy drinker, has not had a drink since 2019.",0,,0,"top words: had, of, last, 06",0,"Former heavy drinker, has not had a drink since 2019.",Patient has a history of heavy drinking but has been sober since 2019.,True
N0107,P0107,0,no_mention,"HIV CLINIC FOLLOW-UP NOTE
Date: 2026-07-16
SUBJECTIVE: 55-year-old male with HIV on Triumeq here for routine follow-up. Reports missing 1 doses of ART last month. Reports low mood lately.
SOCIAL HISTORY: Denies tobacco. Occasional marijuana use.
OBJECTIVE: BP 135/77. Viral load undetectable (<50 copies/mL). CD4 786 cells/mm3.
ASSESSMENT/PLAN: Repeat viral load in 4 weeks.",0,,0,,0,"top words: subjective 55, 55 year, 55, of",0,,Alcohol is not mentioned in the note.,False
N0108,P0108,0,negated,"HIV CLINIC FOLLOW-UP NOTE
Date: 2026-08-20
SUBJECTIVE: 22-year-old female with HIV on Cabenuva (injectable) here for routine follow-up. Reports taking ART every day without missed doses. Feels well overall.
SOCIAL HISTORY: Smokes 1 ppd. Pt denies any EtOH, tobacco, or drug use.
OBJECTIVE: BP 108/80. Viral load undetectable (<50 copies/mL). CD4 416 cells/mm3.
ASSESSMENT/PLAN: Adherence counseling provided. RTC 3 months.",1,"Pt denies any EtOH, tobacco, or drug use.",0,,0,"top words: pt, ppd pt, 20, every",0,"Pt denies any EtOH, tobacco, or drug use.",Patient denies alcohol use.,True
N0109,P0109,0,past_use,"HIV CLINIC FOLLOW-UP NOTE
Date: 2026-07-26
SUBJECTIVE: 62-year-old female with HIV on Triumeq here for routine follow-up. Reports missing 1 doses of ART last month. Some trouble sleeping.
SOCIAL HISTORY: Smokes 1/2 ppd. Former heavy drinker, has not had a drink since 2018.
OBJECTIVE: BP 109/75. Viral load undetectable (<50 copies/mL). CD4 995 cells/mm3.
ASSESSMENT/PLAN: Continue ART. Refer to behavioral health for support.",1,"Former heavy drinker, has not had a drink since 2018.",0,,0,"top words: 26, 26 subjective, had, to",0,"Former heavy drinker, has not had a drink since 2018.",Patient has a history of heavy drinking but has been sober since 2018.,True
N0110,P0110,0,negated,"HIV CLINIC FOLLOW-UP NOTE
Date: 2026-06-04
SUBJECTIVE: 29-year-old female with HIV on Genvoya here for routine follow-up. Reports taking ART every day without missed doses. Feels well overall.
SOCIAL HISTORY: Never smoker. Alcohol: none.
OBJECTIVE: BP 118/83. Viral load undetectable (<50 copies/mL). CD4 738 cells/mm3.
ASSESSMENT/PLAN: Refill ART. Discussed PrEP for partner. RTC 6 months.",1,Alcohol: none.,0,,0,"top words: smoker alcohol, every, 2026 06, 06",0,Alcohol: none.,Patient denies alcohol use.,True
N0111,P0111,0,negated,"HIV CLINIC FOLLOW-UP NOTE
Date: 2026-03-26
SUBJECTIVE: 64-year-old female with HIV on Symtuza here for routine follow-up. Reports taking ART every day without missed doses. Feels well overall.
SOCIAL HISTORY: Denies tobacco. Alcohol: none. Denies IVDU.
OBJECTIVE: BP 145/91. Viral load undetectable (<50 copies/mL). CD4 857 cells/mm3.
ASSESSMENT/PLAN: Continue current ART. Labs in 3 months.",1,Alcohol: none.,0,,0,"top words: 26, tobacco alcohol, 26 subjective, every",0,Alcohol: none.,Patient denies alcohol use.,True
N0112,P0112,0,family_history,"HIV CLINIC FOLLOW-UP NOTE
Date: 2026-06-04
SUBJECTIVE: 48-year-old male with HIV on Genvoya here for routine follow-up. Reports missing 3 doses of ART last month. Some trouble sleeping.
SOCIAL HISTORY: Never smoker. FHx: mother with alcoholism.
OBJECTIVE: BP 125/94. Viral load undetectable (<50 copies/mL). CD4 307 cells/mm3.
ASSESSMENT/PLAN: Continue ART. Refer to behavioral health for support.",1,FHx: mother with alcoholism.,0,,0,"top words: to, 2026 06, of, last",1,FHx: mother with alcoholism.,Family history of alcoholism indicates a possible history of unhealthy alcohol use by the patient.,True
N0113,P0113,1,tricky_positive,"HIV CLINIC FOLLOW-UP NOTE
Date: 2026-05-01
SUBJECTIVE: 48-year-old female with HIV on Genvoya here for routine follow-up. Reports missing 1 doses of ART last month. Reports mild fatigue.
SOCIAL HISTORY: Vapes daily. Denies IVDU but reports drinking 4 tall cans of beer every day. Denies IVDU.
OBJECTIVE: BP 147/86. Viral load 37,698 copies/mL. CD4 530 cells/mm3.
ASSESSMENT/PLAN: Refill ART. Discussed PrEP for partner. RTC 6 months.",1,Denies IVDU but reports drinking 4 tall cans of beer every day.,1,Denies IVDU but reports drinking 4 tall cans of beer every day.,1,"top words: reports drinking, but, of beer, cans of",1,Reports drinking 4 tall cans of beer every day.,Patient reports daily heavy drinking.,True
N0114,P0114,0,light_drinking,"HIV CLINIC FOLLOW-UP NOTE
Date: 2026-03-31
SUBJECTIVE: 58-year-old male with HIV on Symtuza here for routine follow-up. Reports taking ART every day without missed doses. Occasional headaches.
SOCIAL HISTORY: Denies tobacco. Social drinker, 1 glass of wine on weekends.
OBJECTIVE: BP 148/95. Viral load 8,479 copies/mL. CD4 606 cells/mm3.
ASSESSMENT/PLAN: Continue ART. Refer to behavioral health for support.",1,"Social drinker, 1 glass of wine on weekends.",0,,0,"top words: weekends, on weekends, to, every",0,"Social drinker, 1 glass of wine on weekends.",Patient drinks only lightly and occasionally.,True
N0115,P0115,0,light_drinking,"HIV CLINIC FOLLOW-UP NOTE
Date: 2026-09-04
SUBJECTIVE: 32-year-old male with HIV on Biktarvy here for routine follow-up. Reports taking ART every day without missed doses. Reports low mood lately.
SOCIAL HISTORY: Never smoker. Social drinker, 1 glass of wine on weekends. Denies IVDU.
OBJECTIVE: BP 148/90. Viral load undetectable (<50 copies/mL). CD4 1060 cells/mm3.
ASSESSMENT/PLAN: Continue ART. Refer to behavioral health for support.",1,"Social drinker, 1 glass of wine on weekends.",0,,0,"top words: weekends, on weekends, to, 32",0,"Social drinker, 1 glass of wine on weekends.","Patient drinks lightly and occasionally, only on weekends.",True
N0116,P0116,1,indirect_signs,"HIV CLINIC FOLLOW-UP NOTE
Date: 2026-07-27
SUBJECTIVE: 63-year-old male with HIV on Dovato here for routine follow-up. Reports taking ART every day without missed doses. Occasional headaches.
SOCIAL HISTORY: Smokes 1/2 ppd. Recent ED visit for a fall while drunk, BAL 288 mg/dL. Denies illicit drug use.
OBJECTIVE: BP 146/69. Viral load undetectable (<50 copies/mL). CD4 953 cells/mm3.
ASSESSMENT/PLAN: Continue current ART. Labs in 3 months.",1,"Recent ED visit for a fall while drunk, BAL 288 mg/dL.",1,"Recent ED visit for a fall while drunk, BAL 288 mg/dL.",0,"top words: ed, bal, visit, subjective 63",1,"Recent ED visit for a fall while drunk, BAL 288 mg/dL.","Patient had a recent ED visit for a fall while drunk, indicating signs of intoxication.",True
N0117,P0117,1,binge_drinking,"HIV CLINIC FOLLOW-UP NOTE
Date: 2026-04-23
SUBJECTIVE: 38-year-old male with HIV on Biktarvy here for routine follow-up. Reports missing 2 doses of ART last month. Occasional headaches.
SOCIAL HISTORY: Denies tobacco. Endorses heavy episodic drinking, 10+ drinks on Fri and Sat nights. Denies IVDU.
OBJECTIVE: BP 128/86. Viral load 41,204 copies/mL. CD4 168 cells/mm3.
ASSESSMENT/PLAN: Refill ART. Discussed PrEP for partner. RTC 6 months.",1,"Endorses heavy episodic drinking, 10+ drinks on Fri and Sat nights.",0,,1,"top words: drinks, and, drinking, 41",1,"Endorses heavy episodic drinking, 10+ drinks on Fri and Sat nights.","Patient reports heavy drinking on specific nights, indicating current unhealthy alcohol use.",True
N0118,P0118,0,light_drinking,"HIV CLINIC FOLLOW-UP NOTE
Date: 2026-04-19
SUBJECTIVE: 33-year-old male with HIV on Biktarvy here for routine follow-up. Reports taking ART every day without missed doses. Feels well overall.
SOCIAL HISTORY: Vapes daily. Social drinker, 1 glass of wine on weekends. Denies illicit drug use.
OBJECTIVE: BP 109/82. Viral load undetectable (<50 copies/mL). CD4 424 cells/mm3.
ASSESSMENT/PLAN: Repeat viral load in 4 weeks.",1,"Social drinker, 1 glass of wine on weekends.",0,,0,"top words: weekends, on weekends, daily, 82 viral",0,"Social drinker, 1 glass of wine on weekends.","Patient drinks lightly and occasionally, only on weekends.",True
N0119,P0119,0,light_drinking,"HIV CLINIC FOLLOW-UP NOTE
Date: 2026-08-29
SUBJECTIVE: 35-year-old male with HIV on Dovato here for routine follow-up. Reports missing 1 doses of ART last month. Occasional headaches.
SOCIAL HISTORY: Vapes daily. Social drinker, 1 glass of wine on weekends.
OBJECTIVE: BP 139/79. Viral load undetectable (<50 copies/mL). CD4 656 cells/mm3.
ASSESSMENT/PLAN: Repeat viral load in 4 weeks.",1,"Social drinker, 1 glass of wine on weekends.",0,,0,"top words: weekends, on weekends, daily, of",0,"Social drinker, 1 glass of wine on weekends.","Patient drinks lightly and occasionally, only on weekends.",True
N0120,P0120,0,no_mention,"HIV CLINIC FOLLOW-UP NOTE
Date: 2026-06-23
SUBJECTIVE: 34-year-old male with HIV on Biktarvy here for routine follow-up. Reports taking ART every day without missed doses. Reports low mood lately.
SOCIAL HISTORY: Smokes 1 ppd.
OBJECTIVE: BP 125/92. Viral load undetectable (<50 copies/mL). CD4 743 cells/mm3.
ASSESSMENT/PLAN: Continue ART. Refer to behavioral health for support.",0,,0,,0,"top words: to, every, 2026 06, reports",0,Smokes 1 ppd.,"Patient smokes, but there is no mention of alcohol use.",True
N0121,P0121,0,past_use,"HIV CLINIC FOLLOW-UP NOTE
Date: 2026-08-13
SUBJECTIVE: 60-year-old male with HIV on Biktarvy here for routine follow-up. Reports missing 1 doses of ART last month. Occasional headaches.
SOCIAL HISTORY: Vapes daily. Hx EtOH use disorder, sustained remission, attends AA weekly.
OBJECTIVE: BP 109/69. Viral load undetectable (<50 copies/mL). CD4 918 cells/mm3.
ASSESSMENT/PLAN: Adherence counseling provided. RTC 3 months.",1,"Hx EtOH use disorder, sustained remission, attends AA weekly.",0,,0,"top words: weekly, weekly objective, daily, 69",1,"Hx EtOH use disorder, sustained remission, attends AA weekly.","Patient has a history of EtOH use disorder and is in sustained remission, indicating current unhealthy alcohol use.",True
N0122,P0122,0,light_drinking,"HIV CLINIC FOLLOW-UP NOTE
Date: 2026-04-24
SUBJECTIVE: 49-year-old male with HIV on Genvoya here for routine follow-up. Reports taking ART every day without missed doses. Some trouble sleeping.
SOCIAL HISTORY: Smokes 1 ppd. Rare alcohol use, a beer at holidays.
OBJECTIVE: BP 122/83. Viral load 914 copies/mL. CD4 426 cells/mm3.
ASSESSMENT/PLAN: Continue current ART. Labs in 3 months.",1,"Rare alcohol use, a beer at holidays.",0,,0,"top words: at, beer, every, subjective 49",0,"Rare alcohol use, a beer at holidays.","Patient reports only occasional, light drinking.",True
N0123,P0123,0,negated,"HIV CLINIC FOLLOW-UP NOTE
Date: 2026-03-13
SUBJECTIVE: 60-year-old male with HIV on Symtuza here for routine follow-up. Reports missing 1 doses of ART last month. No new complaints.
SOCIAL HISTORY: Smokes 1 ppd. Pt denies any EtOH, tobacco, or drug use. Denies IVDU.
OBJECTIVE: BP 125/79. Viral load undetectable (<50 copies/mL). CD4 501 cells/mm3.
ASSESSMENT/PLAN: Continue current ART. Labs in 3 months.",1,"Pt denies any EtOH, tobacco, or drug use.",0,,0,"top words: pt, ppd pt, 03 13, drug use",0,"Pt denies any EtOH, tobacco, or drug use.",Patient denies alcohol use.,True
N0124,P0124,1,binge_drinking,"HIV CLINIC FOLLOW-UP NOTE
Date: 2026-07-15
SUBJECTIVE: 32-year-old female with HIV on Cabenuva (injectable) here for routine follow-up. Reports missing 1 doses of ART last month. Some trouble sleeping.
SOCIAL HISTORY: Vapes daily. Goes out drinking every weekend, at least a 12-pack per night. Denies illicit drug use.
OBJECTIVE: BP 149/66. Viral load 26,598 copies/mL. CD4 127 cells/mm3.
ASSESSMENT/PLAN: Continue current ART. Labs in 3 months.",1,"Goes out drinking every weekend, at least a 12-pack per night.",1,"Goes out drinking every weekend, at least a 12-pack per night.",1,"top words: per, night, at, 12",1,"Goes out drinking every weekend, at least a 12-pack per night.",Patient reports heavy drinking (at least 12-pack per night) and binge drinking (every weekend),True
N0125,P0125,0,negated,"HIV CLINIC FOLLOW-UP NOTE
Date: 2026-08-12
SUBJECTIVE: 48-year-old female with HIV on Cabenuva (injectable) here for routine follow-up. Reports taking ART every day without missed doses. Feels well overall.
SOCIAL HISTORY: Smokes 1/2 ppd. Never drinks alcohol, per patient.
OBJECTIVE: BP 114/66. Viral load undetectable (<50 copies/mL). CD4 805 cells/mm3.
ASSESSMENT/PLAN: Adherence counseling provided. RTC 3 months.",1,"Never drinks alcohol, per patient.",0,,0,"top words: drinks, per, 12, every",0,"Never drinks alcohol, per patient.",Patient denies drinking alcohol.,True
N0126,P0126,1,heavy_drinking,"HIV CLINIC FOLLOW-UP NOTE
Date: 2026-03-14
SUBJECTIVE: 22-year-old male with HIV on Genvoya here for routine follow-up. Reports missing 6 doses of ART last month. No new complaints.
SOCIAL HISTORY: Former smoker, quit 2018. Admits to 9 beers nightly. Denies illicit drug use.
OBJECTIVE: BP 111/96. Viral load undetectable (<50 copies/mL). CD4 1004 cells/mm3.
ASSESSMENT/PLAN: Continue ART. Refer to behavioral health for support.",1,Admits to 9 beers nightly.,0,,0,"top words: admits, to, beers, illicit drug",1,Admits to 9 beers nightly.,Patient admits to heavy drinking (9 beers nightly).,True
N0127,P0127,1,heavy_drinking,"HIV CLINIC FOLLOW-UP NOTE
Date: 2026-08-11
SUBJECTIVE: 43-year-old female with HIV on Genvoya here for routine follow-up. Reports missing 6 doses of ART last month. Feels well overall.
SOCIAL HISTORY: Smokes 1 ppd. Reports 10 tall cans of malt liquor a day. Denies illicit drug use.
OBJECTIVE: BP 141/73. Viral load 38,481 copies/mL. CD4 513 cells/mm3.
ASSESSMENT/PLAN: Repeat viral load in 4 weeks.",1,Reports 10 tall cans of malt liquor a day.,1,Reports 10 tall cans of malt liquor a day.,1,"top words: cans of, cans, ppd reports, 10",1,Reports 10 tall cans of malt liquor a day.,Patient consumes excessive amount of malt liquor daily.,True
N0128,P0128,0,negated,"HIV CLINIC FOLLOW-UP NOTE
Date: 2026-03-20
SUBJECTIVE: 53-year-old male with HIV on Genvoya here for routine follow-up. Reports taking ART every day without missed doses. No new complaints.
SOCIAL HISTORY: Smokes 1/2 ppd. Never drinks alcohol, per patient. Denies IVDU.
OBJECTIVE: BP 121/66. Viral load undetectable (<50 copies/mL). CD4 1011 cells/mm3.
ASSESSMENT/PLAN: Adherence counseling provided. RTC 3 months.",1,"Never drinks alcohol, per patient.",0,,0,"top words: drinks, per, 20, every",0,"Never drinks alcohol, per patient.",Patient denies drinking alcohol.,True
N0129,P0129,0,negated,"HIV CLINIC FOLLOW-UP NOTE
Date: 2026-04-03
SUBJECTIVE: 46-year-old male with HIV on Dovato here for routine follow-up. Reports missing 3 doses of ART last month. Occasional headaches.
SOCIAL HISTORY: Never smoker. Alcohol: none.
OBJECTIVE: BP 136/93. Viral load undetectable (<50 copies/mL). CD4 408 cells/mm3.
ASSESSMENT/PLAN: Repeat viral load in 4 weeks.",1,Alcohol: none.,0,,0,"top words: smoker alcohol, subjective 46, 46 year, 46",0,Alcohol: none.,Patient denies alcohol use.,True
N0130,P0130,0,negated,"HIV CLINIC FOLLOW-UP NOTE
Date: 2026-03-05
SUBJECTIVE: 71-year-old male with HIV on Biktarvy here for routine follow-up. Reports missing 3 doses of ART last month. Some trouble sleeping.
SOCIAL HISTORY: Smokes 1 ppd. Pt denies any EtOH, tobacco, or drug use. Occasional marijuana use.
OBJECTIVE: BP 109/81. Viral load undetectable (<50 copies/mL). CD4 546 cells/mm3.
ASSESSMENT/PLAN: Repeat viral load in 4 weeks.",1,"Pt denies any EtOH, tobacco, or drug use.",0,,0,"top words: pt, ppd pt, drug use, drug",0,"Pt denies any EtOH, tobacco, or drug use.",Patient denies alcohol use.,True
N0131,P0131,0,negated,"HIV CLINIC FOLLOW-UP NOTE
Date: 2026-03-13
SUBJECTIVE: 38-year-old male with HIV on Genvoya here for routine follow-up. Reports taking ART every day without missed doses. Reports low mood lately.
SOCIAL HISTORY: Denies tobacco. ETOH: denies. Denies IVDU.
OBJECTIVE: BP 135/72. Viral load undetectable (<50 copies/mL). CD4 400 cells/mm3.
ASSESSMENT/PLAN: Continue ART. Refer to behavioral health for support.",1,ETOH: denies.,0,,0,"top words: 03 13, to, every, 13 subjective",0,ETOH: denies.,Patient denies alcohol use.,True
N0132,P0132,1,indirect_signs,"HIV CLINIC FOLLOW-UP NOTE
Date: 2026-07-26
SUBJECTIVE: 33-year-old female with HIV on Triumeq here for routine follow-up. Reports taking ART every day without missed doses. No new complaints.
SOCIAL HISTORY: Former smoker, quit 2018. Recent ED visit for a fall while drunk, BAL 147 mg/dL. Occasional marijuana use.
OBJECTIVE: BP 142/69. Viral load 3,682 copies/mL. CD4 126 cells/mm3.
ASSESSMENT/PLAN: Continue ART. Refer to behavioral health for support.",1,"Recent ED visit for a fall while drunk, BAL 147 mg/dL.",1,"Recent ED visit for a fall while drunk, BAL 147 mg/dL.",0,"top words: ed, bal, visit, 26",1,"Recent ED visit for a fall while drunk, BAL 147 mg/dL.","Patient had a recent ED visit for a fall while intoxicated, indicating signs of alcohol harm.",True
N0133,P0133,1,indirect_signs,"HIV CLINIC FOLLOW-UP NOTE
Date: 2026-08-11
SUBJECTIVE: 61-year-old female with HIV on Cabenuva (injectable) here for routine follow-up. Reports taking ART every day without missed doses. Some trouble sleeping.
SOCIAL HISTORY: Former smoker, quit 2018. Tremulous; reports morning shakes relieved by a drink.
OBJECTIVE: BP 108/69. Viral load 13,541 copies/mL. CD4 445 cells/mm3.
ASSESSMENT/PLAN: Adherence counseling provided. RTC 3 months.",1,reports morning shakes relieved by a drink.,0,,0,"top words: morning, 69, 11, every",1,Tremulous; reports morning shakes relieved by a drink.,"Patient reports morning shakes relieved by a drink, indicating possible alcohol use to alleviate symptoms.",True
N0134,P0134,0,negated,"HIV CLINIC FOLLOW-UP NOTE
Date: 2026-03-04
SUBJECTIVE: 66-year-old female with HIV on Biktarvy here for routine follow-up. Reports taking ART every day without missed doses. Occasional headaches.
SOCIAL HISTORY: Denies tobacco. Alcohol: none. Denies IVDU.
OBJECTIVE: BP 129/66. Viral load undetectable (<50 copies/mL). CD4 445 cells/mm3.
ASSESSMENT/PLAN: Adherence counseling provided. RTC 3 months.",1,Alcohol: none.,0,,0,"top words: tobacco alcohol, every, reports, bp 129",0,Alcohol: none.,Patient denies alcohol use.,True
N0135,P0135,0,no_mention,"HIV CLINIC FOLLOW-UP NOTE
Date: 2026-04-28
SUBJECTIVE: 26-year-old male with HIV on Biktarvy here for routine follow-up. Reports taking ART every day without missed doses. Reports mild fatigue.
SOCIAL HISTORY: Vapes daily.
OBJECTIVE: BP 117/90. Viral load undetectable (<50 copies/mL). CD4 1155 cells/mm3.
ASSESSMENT/PLAN: Continue current ART. Labs in 3 months.",0,,0,,0,"top words: 26, daily, daily objective, 28",0,,Alcohol is not mentioned in the note.,False
N0136,P0136,1,heavy_drinking,"HIV CLINIC FOLLOW-UP NOTE
Date: 2026-08-29
SUBJECTIVE: 69-year-old male with HIV on Dovato here for routine follow-up. Reports missing 1 doses of ART last month. Reports low mood lately.
SOCIAL HISTORY: Former smoker, quit 2018. Says he has been drinking a bottle of wine a night since a recent divorce.
OBJECTIVE: BP 146/81. Viral load undetectable (<50 copies/mL). CD4 608 cells/mm3.
ASSESSMENT/PLAN: Continue current ART. Labs in 3 months.",1,Says he has been drinking a bottle of wine a night since a recent divorce.,0,,1,"top words: he, night, says, drinking",1,Says he has been drinking a bottle of wine a night since a recent divorce.,Patient reports heavy drinking (1 bottle/night) since a recent divorce.,True
N0137,P0137,1,positive_screen,"HIV CLINIC FOLLOW-UP NOTE
Date: 2026-04-22
SUBJECTIVE: 55-year-old female with HIV on Biktarvy here for routine follow-up. Reports taking ART every day without missed doses. Reports mild fatigue.
SOCIAL HISTORY: Denies tobacco. AUDIT-C = 12, screen positive for unhealthy alcohol use. Denies illicit drug use.
OBJECTIVE: BP 132/86. Viral load undetectable (<50 copies/mL). CD4 668 cells/mm3.
ASSESSMENT/PLAN: Continue current ART. Labs in 3 months.",1,"AUDIT-C = 12, screen positive for unhealthy alcohol use.",1,"AUDIT-C = 12, screen positive for unhealthy alcohol use.",0,"top words: positive, audit, screen, 12",1,"AUDIT-C = 12, screen positive for unhealthy alcohol use.",Patient screens positive for unhealthy alcohol use with a score of 12.,True
N0138,P0138,0,no_mention,"HIV CLINIC FOLLOW-UP NOTE
Date: 2026-07-12
SUBJECTIVE: 62-year-old female with HIV on Symtuza here for routine follow-up. Reports missing 1 doses of ART last month. Feels well overall.
SOCIAL HISTORY: Denies tobacco.
OBJECTIVE: BP 115/79. Viral load undetectable (<50 copies/mL). CD4 893 cells/mm3.
ASSESSMENT/PLAN: Refill ART. Discussed PrEP for partner. RTC 6 months.",0,,0,,0,"top words: 12, bp 115, 115, of",0,,Alcohol is not mentioned in the note.,False
N0139,P0139,0,past_use,"HIV CLINIC FOLLOW-UP NOTE
Date: 2026-05-15
SUBJECTIVE: 44-year-old male with HIV on Biktarvy here for routine follow-up. Reports missing 1 doses of ART last month. No new complaints.
SOCIAL HISTORY: Smokes 1/2 ppd. Former heavy drinker, has not had a drink since 2019. Denies IVDU.
OBJECTIVE: BP 121/75. Viral load undetectable (<50 copies/mL). CD4 1118 cells/mm3.
ASSESSMENT/PLAN: Repeat viral load in 4 weeks.",1,"Former heavy drinker, has not had a drink since 2019.",0,,0,"top words: 15, 15 subjective, had, 44",0,"Former heavy drinker, has not had a drink since 2019.",Patient has a history of heavy drinking but has been sober since 2019.,True
N0140,P0140,1,binge_drinking,"HIV CLINIC FOLLOW-UP NOTE
Date: 2026-03-23
SUBJECTIVE: 53-year-old male with HIV on Dovato here for routine follow-up. Reports missing 6 doses of ART last month. Reports mild fatigue.
SOCIAL HISTORY: Denies tobacco. Endorses heavy episodic drinking, 5+ drinks on Fri and Sat nights.
OBJECTIVE: BP 120/79. Viral load undetectable (<50 copies/mL). CD4 458 cells/mm3.
ASSESSMENT/PLAN: Repeat viral load in 4 weeks.",1,"Endorses heavy episodic drinking, 5+ drinks on Fri and Sat nights.",0,,0,"top words: drinks, and, drinking, 120",1,"Endorses heavy episodic drinking, 5+ drinks on Fri and Sat nights.","Patient reports heavy drinking on specific nights, indicating current unhealthy alcohol use.",True
N0141,P0141,0,no_mention,"HIV CLINIC FOLLOW-UP NOTE
Date: 2026-04-14
SUBJECTIVE: 40-year-old male with HIV on Biktarvy here for routine follow-up. Reports missing 1 doses of ART last month. Reports low mood lately.
SOCIAL HISTORY: Vapes daily. Denies IVDU.
OBJECTIVE: BP 128/91. Viral load undetectable (<50 copies/mL). CD4 618 cells/mm3.
ASSESSMENT/PLAN: Repeat viral load in 4 weeks.",0,,0,,0,"top words: daily denies, daily, of, reports",0,,Patient denies IVDU (intravenous drug use) and there is no mention of alcohol use.,False
N0142,P0142,1,binge_drinking,"HIV CLINIC FOLLOW-UP NOTE
Date: 2026-04-05
SUBJECTIVE: 71-year-old male with HIV on Cabenuva (injectable) here for routine follow-up. Reports missing 3 doses of ART last month. Reports low mood lately.
SOCIAL HISTORY: Vapes daily. Goes out drinking every weekend, at least a 12-pack per night. Denies IVDU.
OBJECTIVE: BP 128/82. Viral load 28,832 copies/mL. CD4 188 cells/mm3.
ASSESSMENT/PLAN: Continue ART. Refer to behavioral health for support.",1,"Goes out drinking every weekend, at least a 12-pack per night.",1,"Goes out drinking every weekend, at least a 12-pack per night.",1,"top words: per, night, at, 12",1,"Goes out drinking every weekend, at least a 12-pack per night.",Patient reports heavy drinking (at least 12-pack per night) and binge drinking (every weekend) regularly.,True
N0143,P0143,0,negated,"HIV CLINIC FOLLOW-UP NOTE
Date: 2026-06-04
SUBJECTIVE: 49-year-old male with HIV on Biktarvy here for routine follow-up. Reports missing 1 doses of ART last month. Feels well overall.
SOCIAL HISTORY: Never smoker. Alcohol: none.
OBJECTIVE: BP 144/94. Viral load undetectable (<50 copies/mL). CD4 824 cells/mm3.
ASSESSMENT/PLAN: Continue ART. Refer to behavioral health for support.",1,Alcohol: none.,0,,0,"top words: smoker alcohol, to, 144, 2026 06",0,Alcohol: none.,Patient denies alcohol use.,True
N0144,P0144,1,heavy_drinking,"HIV CLINIC FOLLOW-UP NOTE
Date: 2026-07-02
SUBJECTIVE: 47-year-old male with HIV on Biktarvy here for routine follow-up. Reports missing 1 doses of ART last month. No new complaints.
SOCIAL HISTORY: Denies tobacco. Says he has been drinking a bottle of wine a night since a recent divorce.
OBJECTIVE: BP 115/89. Viral load undetectable (<50 copies/mL). CD4 879 cells/mm3.
ASSESSMENT/PLAN: Repeat viral load in 4 weeks.",1,Says he has been drinking a bottle of wine a night since a recent divorce.,0,,1,"top words: he, night, says, drinking",1,Says he has been drinking a bottle of wine a night since a recent divorce.,Patient reports heavy drinking (1 bottle/night) since a recent divorce.,True
N0145,P0145,0,family_history,"HIV CLINIC FOLLOW-UP NOTE
Date: 2026-07-03
SUBJECTIVE: 69-year-old female with HIV on Biktarvy here for routine follow-up. Reports missing 1 doses of ART last month. No new complaints.
SOCIAL HISTORY: Vapes daily. FHx: mother with alcoholism. Occasional marijuana use.
OBJECTIVE: BP 112/66. Viral load undetectable (<50 copies/mL). CD4 1124 cells/mm3.
ASSESSMENT/PLAN: Adherence counseling provided. RTC 3 months.",1,FHx: mother with alcoholism.,0,,0,"top words: daily, bp 112, 112, 69",1,FHx: mother with alcoholism.,Family history of alcoholism indicates a possible genetic predisposition to unhealthy alcohol use.,True
N0146,P0146,0,past_use,"HIV CLINIC FOLLOW-UP NOTE
Date: 2026-07-02
SUBJECTIVE: 29-year-old female with HIV on Symtuza here for routine follow-up. Reports taking ART every day without missed doses. Feels well overall.
SOCIAL HISTORY: Never smoker. Former heavy drinker, has not had a drink since 2019. Occasional marijuana use.
OBJECTIVE: BP 124/92. Viral load undetectable (<50 copies/mL). CD4 714 cells/mm3.
ASSESSMENT/PLAN: Repeat viral load in 4 weeks.",1,"Former heavy drinker, has not had a drink since 2019.",0,,0,"top words: had, every, 92 viral, 92",0,"Former heavy drinker, has not had a drink since 2019.","Patient has quit drinking since 2019, indicating a history of heavy drinking but not current use.",True
N0147,P0147,0,family_history,"HIV CLINIC FOLLOW-UP NOTE
Date: 2026-08-18
SUBJECTIVE: 64-year-old female with HIV on Biktarvy here for routine follow-up. Reports taking ART every day without missed doses. Occasional headaches.
SOCIAL HISTORY: Smokes 1/2 ppd. FHx: mother with alcoholism.
OBJECTIVE: BP 131/87. Viral load undetectable (<50 copies/mL). CD4 596 cells/mm3.
ASSESSMENT/PLAN: Continue ART. Refer to behavioral health for support.",1,FHx: mother with alcoholism.,0,,0,"top words: 131, to, every, bp 131",0,FHx: mother with alcoholism.,"Family history of alcoholism, but the patient does not report drinking.",True
N0148,P0148,0,negated,"HIV CLINIC FOLLOW-UP NOTE
Date: 2026-08-14
SUBJECTIVE: 66-year-old male with HIV on Symtuza here for routine follow-up. Reports taking ART every day without missed doses. Occasional headaches.
SOCIAL HISTORY: Denies tobacco. Alcohol: none.
OBJECTIVE: BP 110/95. Viral load undetectable (<50 copies/mL). CD4 960 cells/mm3.
ASSESSMENT/PLAN: Continue ART. Refer to behavioral health for support.",1,Alcohol: none.,0,,0,"top words: tobacco alcohol, to, every, reports",0,Alcohol: none.,Patient denies alcohol use.,True
N0149,P0149,0,no_mention,"HIV CLINIC FOLLOW-UP NOTE
Date: 2026-04-08
SUBJECTIVE: 51-year-old female with HIV on Genvoya here for routine follow-up. Reports missing 2 doses of ART last month. Some trouble sleeping.
SOCIAL HISTORY: Former smoker, quit 2018.
OBJECTIVE: BP 137/88. Viral load undetectable (<50 copies/mL). CD4 971 cells/mm3.
ASSESSMENT/PLAN: Adherence counseling provided. RTC 3 months.",0,,0,,0,"top words: bp 137, 137, of, subjective 51",0,,Alcohol is not mentioned in the note.,False
N0150,P0150,1,positive_screen,"HIV CLINIC FOLLOW-UP NOTE
Date: 2026-05-29
SUBJECTIVE: 70-year-old female with HIV on Dovato here for routine follow-up. Reports taking ART every day without missed doses. Occasional headaches.
SOCIAL HISTORY: Vapes daily. Positive AUDIT-C (7/12) at intake.
OBJECTIVE: BP 112/67. Viral load undetectable (<50 copies/mL). CD4 894 cells/mm3.
ASSESSMENT/PLAN: Continue current ART. Labs in 3 months.",1,Positive AUDIT-C (7/12) at intake.,1,Positive AUDIT-C (7/12) at intake.,1,"top words: positive, audit, positive audit, at",1,Positive AUDIT-C (7/12) at intake.,Patient has a positive AUDIT-C score indicating current unhealthy alcohol use.,True
